[2025-12-12 12:55:19,730] INFO django.server:213 "OPTIONS /api/auth/telegram HTTP/1.1" 200 0
[2025-12-12 12:55:20,582] INFO django.server:213 "PUT /api/auth/telegram HTTP/1.1" 200 160
[2025-12-12 12:56:50,309] INFO django.server:213 "OPTIONS /api/tg_channel/ HTTP/1.1" 200 0
[2025-12-12 12:56:51,731] INFO django.server:213 "POST /api/tg_channel/ HTTP/1.1" 200 171
[2025-12-12 13:00:25,331] INFO django.server:213 "POST /api/tg_channel/ HTTP/1.1" 200 171
[2025-12-12 13:01:43,997] INFO django.server:213 "GET /api/client/settings/ HTTP/1.1" 200 2808
[2025-12-12 13:01:44,041] INFO django.server:213 "GET /api/client/settings/ HTTP/1.1" 200 2808
[2025-12-12 13:06:14,800] INFO django.server:213 "GET /api/client/settings/ HTTP/1.1" 200 2808
[2025-12-12 13:38:43,510] WARNING django.server:213 "GET /api/client/settings/ HTTP/1.1" 401 172
[2025-12-12 13:38:43,514] WARNING django.server:213 "GET /api/client/settings/ HTTP/1.1" 401 172
[2025-12-12 13:38:43,515] INFO django.server:213 "OPTIONS /api/auth/refresh/ HTTP/1.1" 200 0
[2025-12-12 13:38:44,132] INFO django.server:213 "POST /api/auth/refresh/ HTTP/1.1" 200 244
[2025-12-12 13:38:44,393] INFO django.server:213 "GET /api/client/settings/ HTTP/1.1" 200 2808
[2025-12-12 13:38:44,656] INFO django.server:213 "GET /api/client/settings/ HTTP/1.1" 200 2808
[2025-12-12 13:38:47,718] INFO django.server:213 "GET /api/client/info/ HTTP/1.1" 200 74
[2025-12-12 13:38:47,815] INFO django.server:213 "GET /api/social-accounts/ HTTP/1.1" 200 2
[2025-12-12 13:38:47,816] WARNING django.server:213 "GET /api/vk/integrations/ HTTP/1.1" 404 33379
[2025-12-12 13:38:47,914] INFO django.server:213 "GET /api/client/info/ HTTP/1.1" 200 74
[2025-12-12 13:38:48,068] WARNING django.server:213 "GET /api/vk/integrations/ HTTP/1.1" 404 33379
[2025-12-12 13:38:48,115] INFO django.server:213 "GET /api/client/info/ HTTP/1.1" 200 74
[2025-12-12 13:38:48,116] INFO django.server:213 "GET /api/social-accounts/ HTTP/1.1" 200 2
[2025-12-12 13:38:48,317] INFO django.server:213 "GET /api/client/info/ HTTP/1.1" 200 74
[2025-12-12 13:49:31,500] INFO django.server:213 "GET /api/client/settings/ HTTP/1.1" 200 2808
[2025-12-12 13:50:11,242] INFO django.server:213 "GET /api/client/settings/ HTTP/1.1" 200 2808
[2025-12-12 14:07:55,206] INFO django.server:213 "GET /api/channel-analyses/ HTTP/1.1" 200 563
[2025-12-12 14:07:55,465] INFO django.server:213 "GET /api/channel-analyses/ HTTP/1.1" 200 563
[2025-12-12 14:08:00,068] INFO django.server:213 "GET /api/channel-analyses/ HTTP/1.1" 200 563
[2025-12-12 14:08:05,062] INFO django.server:213 "GET /api/channel-analyses/ HTTP/1.1" 200 563
[2025-12-12 14:08:07,110] INFO django.server:213 "GET /api/channel-analyses/2/ HTTP/1.1" 200 2305
[2025-12-12 14:08:07,374] INFO django.server:213 "GET /api/channel-analyses/2/ HTTP/1.1" 200 2305
[2025-12-12 14:14:44,270] WARNING django.server:213 "GET /api/channel-analyses/2/ HTTP/1.1" 401 172
[2025-12-12 14:14:44,793] INFO django.server:213 "POST /api/auth/refresh/ HTTP/1.1" 200 244
[2025-12-12 14:14:45,053] INFO django.server:213 "GET /api/channel-analyses/2/ HTTP/1.1" 200 2305
[2025-12-12 14:14:53,478] INFO django.server:213 "GET /api/channel-analyses/2/ HTTP/1.1" 200 2305
[2025-12-12 14:18:46,613] INFO django.server:213 "GET /api/channel-analyses/2/ HTTP/1.1" 200 2305
[2025-12-12 14:20:47,796] INFO django.server:213 "GET /api/channel-analyses/ HTTP/1.1" 200 563
[2025-12-12 14:20:48,062] INFO django.server:213 "GET /api/channel-analyses/ HTTP/1.1" 200 563
[2025-12-12 14:20:52,783] INFO django.server:213 "GET /api/channel-analyses/ HTTP/1.1" 200 563
[2025-12-12 14:20:54,790] INFO django.server:213 "POST /api/tg_channel/ HTTP/1.1" 200 171
[2025-12-12 14:20:57,800] INFO django.server:213 "GET /api/channel-analyses/ HTTP/1.1" 200 817
[2025-12-12 14:21:02,820] INFO django.server:213 "GET /api/channel-analyses/ HTTP/1.1" 200 817
[2025-12-12 14:21:07,781] INFO django.server:213 "GET /api/channel-analyses/ HTTP/1.1" 200 817
[2025-12-12 14:21:12,854] INFO django.server:213 "GET /api/channel-analyses/ HTTP/1.1" 200 844
[2025-12-12 14:21:17,815] INFO django.server:213 "GET /api/channel-analyses/ HTTP/1.1" 200 844
[2025-12-12 14:21:22,853] INFO django.server:213 "GET /api/channel-analyses/ HTTP/1.1" 200 844
[2025-12-12 14:21:27,778] INFO django.server:213 "GET /api/channel-analyses/ HTTP/1.1" 200 844
[2025-12-12 14:21:32,789] INFO django.server:213 "GET /api/channel-analyses/ HTTP/1.1" 200 844
[2025-12-12 14:21:37,773] INFO django.server:213 "GET /api/channel-analyses/ HTTP/1.1" 200 844
[2025-12-12 14:21:42,843] INFO django.server:213 "GET /api/channel-analyses/ HTTP/1.1" 200 844
[2025-12-12 14:21:47,828] INFO django.server:213 "GET /api/channel-analyses/ HTTP/1.1" 200 844
[2025-12-12 14:21:52,803] INFO django.server:213 "GET /api/channel-analyses/ HTTP/1.1" 200 844
[2025-12-12 14:21:54,292] INFO django.server:213 "GET /api/channel-analyses/3/ HTTP/1.1" 200 2282
[2025-12-12 14:21:54,527] INFO django.server:213 "GET /api/channel-analyses/3/ HTTP/1.1" 200 2282
[2025-12-12 14:31:47,398] INFO django.server:213 "GET /api/channel-analyses/3/ HTTP/1.1" 200 2371
[2025-12-12 14:32:01,196] INFO django.server:213 "GET /api/channel-analyses/ HTTP/1.1" 200 844
[2025-12-12 14:32:01,432] INFO django.server:213 "GET /api/channel-analyses/ HTTP/1.1" 200 844
[2025-12-12 14:32:05,861] INFO django.server:213 "GET /api/channel-analyses/ HTTP/1.1" 200 844
[2025-12-12 14:32:12,042] INFO django.server:213 "GET /api/channel-analyses/ HTTP/1.1" 200 844
[2025-12-12 14:32:17,050] INFO django.server:213 "GET /api/channel-analyses/ HTTP/1.1" 200 844
[2025-12-12 14:32:22,110] INFO django.server:213 "GET /api/channel-analyses/ HTTP/1.1" 200 844
[2025-12-12 14:32:25,884] INFO django.server:213 "GET /api/channel-analyses/ HTTP/1.1" 200 844
[2025-12-12 14:32:32,072] INFO django.server:213 "GET /api/channel-analyses/ HTTP/1.1" 200 844
[2025-12-12 14:32:37,076] INFO django.server:213 "GET /api/channel-analyses/ HTTP/1.1" 200 844
[2025-12-12 14:32:42,380] INFO django.server:213 "GET /api/channel-analyses/ HTTP/1.1" 200 844
[2025-12-12 14:32:47,080] INFO django.server:213 "GET /api/channel-analyses/ HTTP/1.1" 200 844
[2025-12-12 14:32:52,108] INFO django.server:213 "GET /api/channel-analyses/ HTTP/1.1" 200 844
[2025-12-12 14:32:57,077] INFO django.server:213 "GET /api/channel-analyses/ HTTP/1.1" 200 844
[2025-12-12 14:33:02,074] INFO django.server:213 "GET /api/channel-analyses/ HTTP/1.1" 200 844
[2025-12-12 14:33:07,102] INFO django.server:213 "GET /api/channel-analyses/ HTTP/1.1" 200 844
[2025-12-12 14:33:12,038] INFO django.server:213 "GET /api/channel-analyses/ HTTP/1.1" 200 844
[2025-12-12 14:33:17,048] INFO django.server:213 "GET /api/channel-analyses/ HTTP/1.1" 200 844
[2025-12-12 14:33:22,067] INFO django.server:213 "GET /api/channel-analyses/ HTTP/1.1" 200 844
[2025-12-12 14:33:27,040] INFO django.server:213 "GET /api/channel-analyses/ HTTP/1.1" 200 844
[2025-12-12 14:33:39,931] INFO django.server:213 "GET /api/channel-analyses/ HTTP/1.1" 200 844
[2025-12-12 14:33:40,908] INFO django.server:213 "GET /api/channel-analyses/ HTTP/1.1" 200 844
[2025-12-12 14:33:44,432] INFO django.server:213 "POST /api/tg_channel/ HTTP/1.1" 200 185
[2025-12-12 14:33:45,885] INFO django.server:213 "GET /api/channel-analyses/ HTTP/1.1" 200 1112
[2025-12-12 14:33:51,255] INFO django.server:213 "GET /api/channel-analyses/ HTTP/1.1" 200 1112
[2025-12-12 14:33:56,236] INFO django.server:213 "GET /api/channel-analyses/ HTTP/1.1" 200 1112
[2025-12-12 14:34:01,253] INFO django.server:213 "GET /api/channel-analyses/ HTTP/1.1" 200 1207
[2025-12-12 14:34:06,205] INFO django.server:213 "GET /api/channel-analyses/ HTTP/1.1" 200 1207
[2025-12-12 14:34:11,305] INFO django.server:213 "GET /api/channel-analyses/ HTTP/1.1" 200 1207
[2025-12-12 14:34:16,230] INFO django.server:213 "GET /api/channel-analyses/ HTTP/1.1" 200 1207
[2025-12-12 14:34:21,256] INFO django.server:213 "GET /api/channel-analyses/ HTTP/1.1" 200 1207
[2025-12-12 14:34:26,267] INFO django.server:213 "GET /api/channel-analyses/ HTTP/1.1" 200 1207
[2025-12-12 14:34:31,265] INFO django.server:213 "GET /api/channel-analyses/ HTTP/1.1" 200 1207
[2025-12-12 14:34:36,271] INFO django.server:213 "GET /api/channel-analyses/ HTTP/1.1" 200 1207
[2025-12-12 14:34:41,251] INFO django.server:213 "GET /api/channel-analyses/ HTTP/1.1" 200 1207
[2025-12-12 14:34:46,256] INFO django.server:213 "GET /api/channel-analyses/ HTTP/1.1" 200 1207
[2025-12-12 14:34:51,266] INFO django.server:213 "GET /api/channel-analyses/ HTTP/1.1" 200 1207
[2025-12-12 14:34:56,252] INFO django.server:213 "GET /api/channel-analyses/ HTTP/1.1" 200 1207
[2025-12-12 14:35:01,304] INFO django.server:213 "GET /api/channel-analyses/ HTTP/1.1" 200 1207
[2025-12-12 14:35:06,223] INFO django.server:213 "GET /api/channel-analyses/ HTTP/1.1" 200 1207
[2025-12-12 14:35:11,273] INFO django.server:213 "GET /api/channel-analyses/ HTTP/1.1" 200 1207
[2025-12-12 14:35:12,433] INFO django.server:213 "GET /api/channel-analyses/4/ HTTP/1.1" 200 3616
[2025-12-12 14:35:12,682] INFO django.server:213 "GET /api/channel-analyses/4/ HTTP/1.1" 200 3616
[2025-12-12 14:41:13,106] INFO django.server:213 "GET /api/channel-analyses/ HTTP/1.1" 200 1207
[2025-12-12 14:41:13,356] INFO django.server:213 "GET /api/channel-analyses/ HTTP/1.1" 200 1207
[2025-12-12 14:41:18,034] INFO django.server:213 "GET /api/channel-analyses/ HTTP/1.1" 200 1207
[2025-12-12 14:41:23,052] INFO django.server:213 "GET /api/channel-analyses/ HTTP/1.1" 200 1207
[2025-12-12 14:41:28,013] INFO django.server:213 "GET /api/channel-analyses/ HTTP/1.1" 200 1207
[2025-12-12 14:41:33,015] INFO django.server:213 "GET /api/channel-analyses/ HTTP/1.1" 200 1207
[2025-12-12 14:41:38,013] INFO django.server:213 "GET /api/channel-analyses/ HTTP/1.1" 200 1207
[2025-12-12 14:41:42,983] INFO django.server:213 "GET /api/channel-analyses/ HTTP/1.1" 200 1207
[2025-12-12 14:41:48,031] INFO django.server:213 "GET /api/channel-analyses/ HTTP/1.1" 200 1207
[2025-12-12 14:41:52,990] INFO django.server:213 "GET /api/channel-analyses/ HTTP/1.1" 200 1207
[2025-12-12 14:41:57,994] INFO django.server:213 "GET /api/channel-analyses/ HTTP/1.1" 200 1207
[2025-12-12 14:42:02,981] INFO django.server:213 "GET /api/channel-analyses/ HTTP/1.1" 200 1207
[2025-12-12 14:42:08,011] INFO django.server:213 "GET /api/channel-analyses/ HTTP/1.1" 200 1207
[2025-12-12 14:42:12,961] INFO django.server:213 "GET /api/channel-analyses/ HTTP/1.1" 200 1207
[2025-12-12 14:42:18,052] INFO django.server:213 "GET /api/channel-analyses/ HTTP/1.1" 200 1207
[2025-12-12 14:42:22,966] INFO django.server:213 "GET /api/channel-analyses/ HTTP/1.1" 200 1207
[2025-12-12 14:42:28,006] INFO django.server:213 "GET /api/channel-analyses/ HTTP/1.1" 200 1207
[2025-12-12 14:42:33,005] INFO django.server:213 "GET /api/channel-analyses/ HTTP/1.1" 200 1207
[2025-12-12 14:42:38,011] INFO django.server:213 "GET /api/channel-analyses/ HTTP/1.1" 200 1207
[2025-12-12 14:42:42,999] INFO django.server:213 "GET /api/channel-analyses/ HTTP/1.1" 200 1207
[2025-12-12 14:42:48,288] INFO django.server:213 "GET /api/channel-analyses/ HTTP/1.1" 200 1207
[2025-12-12 14:42:53,187] INFO django.server:213 "GET /api/channel-analyses/ HTTP/1.1" 200 1207
[2025-12-12 14:42:58,216] INFO django.server:213 "GET /api/channel-analyses/ HTTP/1.1" 200 1207
[2025-12-12 14:43:03,233] INFO django.server:213 "GET /api/channel-analyses/ HTTP/1.1" 200 1207
[2025-12-12 14:43:08,387] INFO django.server:213 "GET /api/channel-analyses/ HTTP/1.1" 200 1207
[2025-12-12 14:43:13,412] INFO django.server:213 "GET /api/channel-analyses/ HTTP/1.1" 200 1207
[2025-12-12 14:43:19,011] INFO django.server:213 "GET /api/channel-analyses/ HTTP/1.1" 200 1207
[2025-12-12 14:43:23,565] INFO django.server:213 "GET /api/channel-analyses/ HTTP/1.1" 200 1207
[2025-12-12 14:43:28,654] INFO django.server:213 "GET /api/channel-analyses/ HTTP/1.1" 200 1207
[2025-12-12 14:43:34,169] INFO django.server:213 "GET /api/channel-analyses/ HTTP/1.1" 200 1207
[2025-12-12 14:43:38,776] INFO django.server:213 "GET /api/channel-analyses/ HTTP/1.1" 200 1207
[2025-12-12 14:43:43,753] INFO django.server:213 "GET /api/channel-analyses/ HTTP/1.1" 200 1207
[2025-12-12 14:44:10,750] INFO django.server:213 "GET /api/channel-analyses/ HTTP/1.1" 200 1207
[2025-12-12 14:45:10,199] WARNING django.server:213 "GET /api/channel-analyses/ HTTP/1.1" 401 172
[2025-12-12 14:45:11,382] INFO django.server:213 "POST /api/auth/refresh/ HTTP/1.1" 200 244
[2025-12-12 14:45:11,696] INFO django.server:213 "GET /api/channel-analyses/ HTTP/1.1" 200 1207
[2025-12-12 14:46:11,636] INFO django.server:213 "GET /api/channel-analyses/ HTTP/1.1" 200 1207
[2025-12-12 14:47:12,349] INFO django.server:213 "GET /api/channel-analyses/ HTTP/1.1" 200 1207
[2025-12-12 14:48:13,048] INFO django.server:213 "GET /api/channel-analyses/ HTTP/1.1" 200 1207
[2025-12-12 14:49:13,727] INFO django.server:213 "GET /api/channel-analyses/ HTTP/1.1" 200 1207
[2025-12-12 14:50:14,467] INFO django.server:213 "GET /api/channel-analyses/ HTTP/1.1" 200 1207
[2025-12-12 14:51:15,215] INFO django.server:213 "GET /api/channel-analyses/ HTTP/1.1" 200 1207
[2025-12-12 14:52:15,957] INFO django.server:213 "GET /api/channel-analyses/ HTTP/1.1" 200 1207
[2025-12-12 14:53:16,260] INFO django.server:213 "GET /api/channel-analyses/ HTTP/1.1" 200 1207
[2025-12-12 14:54:17,076] INFO django.server:213 "GET /api/channel-analyses/ HTTP/1.1" 200 1207
[2025-12-12 14:55:17,754] INFO django.server:213 "GET /api/channel-analyses/ HTTP/1.1" 200 1207
[2025-12-12 14:56:18,535] INFO django.server:213 "GET /api/channel-analyses/ HTTP/1.1" 200 1207
[2025-12-12 14:57:20,033] INFO django.server:213 "GET /api/channel-analyses/ HTTP/1.1" 200 1207
[2025-12-12 14:58:20,331] INFO django.server:213 "GET /api/channel-analyses/ HTTP/1.1" 200 1207
[2025-12-12 14:59:21,207] INFO django.server:213 "GET /api/channel-analyses/ HTTP/1.1" 200 1207
[2025-12-12 15:00:22,508] INFO django.server:213 "GET /api/channel-analyses/ HTTP/1.1" 200 1207
[2025-12-12 15:01:22,864] INFO django.server:213 "GET /api/channel-analyses/ HTTP/1.1" 200 1207
[2025-12-12 15:02:23,573] INFO django.server:213 "GET /api/channel-analyses/ HTTP/1.1" 200 1207
[2025-12-12 15:03:24,391] INFO django.server:213 "GET /api/channel-analyses/ HTTP/1.1" 200 1207
[2025-12-12 15:04:25,198] INFO django.server:213 "GET /api/channel-analyses/ HTTP/1.1" 200 1207
[2025-12-12 15:05:25,967] INFO django.server:213 "GET /api/channel-analyses/ HTTP/1.1" 200 1207
[2025-12-12 15:06:27,398] INFO django.server:213 "GET /api/channel-analyses/ HTTP/1.1" 200 1207
[2025-12-12 15:07:27,715] INFO django.server:213 "GET /api/channel-analyses/ HTTP/1.1" 200 1207
[2025-12-12 15:08:28,454] INFO django.server:213 "GET /api/channel-analyses/ HTTP/1.1" 200 1207
[2025-12-12 15:09:29,092] INFO django.server:213 "GET /api/channel-analyses/ HTTP/1.1" 200 1207
[2025-12-12 15:10:29,823] INFO django.server:213 "GET /api/channel-analyses/ HTTP/1.1" 200 1207
[2025-12-12 15:11:31,235] INFO django.server:213 "GET /api/channel-analyses/ HTTP/1.1" 200 1207
[2025-12-12 15:12:31,501] INFO django.server:213 "GET /api/channel-analyses/ HTTP/1.1" 200 1207
[2025-12-12 15:13:32,126] INFO django.server:213 "GET /api/channel-analyses/ HTTP/1.1" 200 1207
[2025-12-12 15:14:33,019] INFO django.server:213 "GET /api/channel-analyses/ HTTP/1.1" 200 1207
[2025-12-12 15:15:33,386] WARNING django.server:213 "GET /api/channel-analyses/ HTTP/1.1" 401 172
[2025-12-12 15:15:34,025] INFO django.server:213 "POST /api/auth/refresh/ HTTP/1.1" 200 244
[2025-12-12 15:15:34,315] INFO django.server:213 "GET /api/channel-analyses/ HTTP/1.1" 200 1207
[2025-12-12 15:16:34,745] INFO django.server:213 "GET /api/channel-analyses/ HTTP/1.1" 200 1207
[2025-12-12 15:17:35,474] INFO django.server:213 "GET /api/channel-analyses/ HTTP/1.1" 200 1207
[2025-12-12 15:18:36,283] INFO django.server:213 "GET /api/channel-analyses/ HTTP/1.1" 200 1207
[2025-12-12 15:19:37,110] INFO django.server:213 "GET /api/channel-analyses/ HTTP/1.1" 200 1207
[2025-12-12 15:20:38,304] INFO django.server:213 "GET /api/channel-analyses/ HTTP/1.1" 200 1207
[2025-12-12 15:21:38,728] INFO django.server:213 "GET /api/channel-analyses/ HTTP/1.1" 200 1207
[2025-12-12 15:22:39,288] INFO django.server:213 "GET /api/channel-analyses/ HTTP/1.1" 200 1207
[2025-12-12 15:23:39,708] INFO django.server:213 "GET /api/channel-analyses/ HTTP/1.1" 200 1207
[2025-12-12 15:24:40,298] INFO django.server:213 "GET /api/channel-analyses/ HTTP/1.1" 200 1207
[2025-12-12 15:25:41,133] INFO django.server:213 "GET /api/channel-analyses/ HTTP/1.1" 200 1207
[2025-12-12 15:26:41,763] INFO django.server:213 "GET /api/channel-analyses/ HTTP/1.1" 200 1207
[2025-12-12 15:27:42,652] INFO django.server:213 "GET /api/channel-analyses/ HTTP/1.1" 200 1207
[2025-12-12 15:28:43,576] INFO django.server:213 "GET /api/channel-analyses/ HTTP/1.1" 200 1207
[2025-12-12 15:29:44,340] INFO django.server:213 "GET /api/channel-analyses/ HTTP/1.1" 200 1207
[2025-12-12 15:30:45,112] INFO django.server:213 "GET /api/channel-analyses/ HTTP/1.1" 200 1207
[2025-12-12 15:31:46,513] INFO django.server:213 "GET /api/channel-analyses/ HTTP/1.1" 200 1207
[2025-12-12 15:32:46,865] INFO django.server:213 "GET /api/channel-analyses/ HTTP/1.1" 200 1207
[2025-12-12 15:33:47,374] INFO django.server:213 "GET /api/channel-analyses/ HTTP/1.1" 200 1207
[2025-12-12 15:34:48,253] INFO django.server:213 "GET /api/channel-analyses/ HTTP/1.1" 200 1207
[2025-12-12 15:35:49,667] INFO django.server:213 "GET /api/channel-analyses/ HTTP/1.1" 200 1207
[2025-12-12 15:36:49,966] INFO django.server:213 "GET /api/channel-analyses/ HTTP/1.1" 200 1207
[2025-12-12 15:37:50,802] INFO django.server:213 "GET /api/channel-analyses/ HTTP/1.1" 200 1207
[2025-12-12 15:38:51,533] INFO django.server:213 "GET /api/channel-analyses/ HTTP/1.1" 200 1207
[2025-12-12 15:39:52,829] INFO django.server:213 "GET /api/channel-analyses/ HTTP/1.1" 200 1207
[2025-12-12 15:40:53,103] INFO django.server:213 "GET /api/channel-analyses/ HTTP/1.1" 200 1207
[2025-12-12 15:41:53,891] INFO django.server:213 "GET /api/channel-analyses/ HTTP/1.1" 200 1207
[2025-12-12 15:42:54,685] INFO django.server:213 "GET /api/channel-analyses/ HTTP/1.1" 200 1207
[2025-12-12 15:43:55,520] INFO django.server:213 "GET /api/channel-analyses/ HTTP/1.1" 200 1207
[2025-12-12 15:44:56,292] INFO django.server:213 "GET /api/channel-analyses/ HTTP/1.1" 200 1207
[2025-12-12 15:45:56,459] WARNING django.server:213 "GET /api/channel-analyses/ HTTP/1.1" 401 172
[2025-12-12 15:45:56,470] INFO django.server:213 "OPTIONS /api/auth/refresh/ HTTP/1.1" 200 0
[2025-12-12 15:45:56,949] INFO django.server:213 "POST /api/auth/refresh/ HTTP/1.1" 200 244
[2025-12-12 15:45:57,223] INFO django.server:213 "GET /api/channel-analyses/ HTTP/1.1" 200 1207
[2025-12-12 15:46:57,979] INFO django.server:213 "GET /api/channel-analyses/ HTTP/1.1" 200 1207
[2025-12-12 15:47:58,812] INFO django.server:213 "GET /api/channel-analyses/ HTTP/1.1" 200 1207
[2025-12-12 15:48:59,544] INFO django.server:213 "GET /api/channel-analyses/ HTTP/1.1" 200 1207
[2025-12-12 15:50:00,873] INFO django.server:213 "GET /api/channel-analyses/ HTTP/1.1" 200 1207
[2025-12-12 15:51:01,380] INFO django.server:213 "GET /api/channel-analyses/ HTTP/1.1" 200 1207
[2025-12-12 15:52:02,173] INFO django.server:213 "GET /api/channel-analyses/ HTTP/1.1" 200 1207
[2025-12-12 15:53:02,702] INFO django.server:213 "GET /api/channel-analyses/ HTTP/1.1" 200 1207
[2025-12-12 15:54:02,986] INFO django.server:213 "GET /api/channel-analyses/ HTTP/1.1" 200 1207
[2025-12-12 15:55:03,638] INFO django.server:213 "GET /api/channel-analyses/ HTTP/1.1" 200 1207
[2025-12-12 15:56:04,697] INFO django.server:213 "GET /api/channel-analyses/ HTTP/1.1" 200 1207
[2025-12-12 15:57:05,064] INFO django.server:213 "GET /api/channel-analyses/ HTTP/1.1" 200 1207
[2025-12-12 15:58:06,508] INFO django.server:213 "GET /api/channel-analyses/ HTTP/1.1" 200 1207
[2025-12-12 15:59:06,819] INFO django.server:213 "GET /api/channel-analyses/ HTTP/1.1" 200 1207
[2025-12-12 16:00:07,594] INFO django.server:213 "GET /api/channel-analyses/ HTTP/1.1" 200 1207
[2025-12-12 16:01:08,448] INFO django.server:213 "GET /api/channel-analyses/ HTTP/1.1" 200 1207
[2025-12-12 16:02:09,290] INFO django.server:213 "GET /api/channel-analyses/ HTTP/1.1" 200 1207
[2025-12-12 16:03:10,103] INFO django.server:213 "GET /api/channel-analyses/ HTTP/1.1" 200 1207
[2025-12-12 16:04:10,998] INFO django.server:213 "GET /api/channel-analyses/ HTTP/1.1" 200 1207
[2025-12-12 16:05:11,796] INFO django.server:213 "GET /api/channel-analyses/ HTTP/1.1" 200 1207
[2025-12-12 16:05:42,210] INFO django.server:213 "GET /api/channel-analyses/ HTTP/1.1" 200 1207
[2025-12-12 16:05:45,700] INFO django.server:213 "GET /api/channel-analyses/ HTTP/1.1" 200 1207
[2025-12-12 16:05:50,659] INFO django.server:213 "GET /api/channel-analyses/ HTTP/1.1" 200 1207
[2025-12-12 16:05:55,638] INFO django.server:213 "GET /api/channel-analyses/ HTTP/1.1" 200 1207
[2025-12-12 16:06:00,633] INFO django.server:213 "GET /api/channel-analyses/ HTTP/1.1" 200 1207
[2025-12-12 16:06:05,654] INFO django.server:213 "GET /api/channel-analyses/ HTTP/1.1" 200 1207
[2025-12-12 16:06:10,666] INFO django.server:213 "GET /api/channel-analyses/ HTTP/1.1" 200 1207
[2025-12-12 16:06:15,648] INFO django.server:213 "GET /api/channel-analyses/ HTTP/1.1" 200 1207
[2025-12-12 16:06:20,654] INFO django.server:213 "GET /api/channel-analyses/ HTTP/1.1" 200 1207
[2025-12-12 16:06:25,658] INFO django.server:213 "GET /api/channel-analyses/ HTTP/1.1" 200 1207
[2025-12-12 16:06:30,645] INFO django.server:213 "GET /api/channel-analyses/ HTTP/1.1" 200 1207
[2025-12-12 16:06:35,651] INFO django.server:213 "GET /api/channel-analyses/ HTTP/1.1" 200 1207
[2025-12-12 16:06:40,643] INFO django.server:213 "GET /api/channel-analyses/ HTTP/1.1" 200 1207
[2025-12-12 16:06:45,659] INFO django.server:213 "GET /api/channel-analyses/ HTTP/1.1" 200 1207
[2025-12-12 16:06:50,658] INFO django.server:213 "GET /api/channel-analyses/ HTTP/1.1" 200 1207
[2025-12-12 16:06:55,674] INFO django.server:213 "GET /api/channel-analyses/ HTTP/1.1" 200 1207
[2025-12-12 16:07:00,672] INFO django.server:213 "GET /api/channel-analyses/ HTTP/1.1" 200 1207
[2025-12-12 16:07:46,102] INFO django.server:213 "GET /api/channel-analyses/ HTTP/1.1" 200 1207
[2025-12-12 16:07:50,675] INFO django.server:213 "GET /api/channel-analyses/ HTTP/1.1" 200 1207
[2025-12-12 16:07:55,644] INFO django.server:213 "GET /api/channel-analyses/ HTTP/1.1" 200 1207
[2025-12-12 16:08:00,659] INFO django.server:213 "GET /api/channel-analyses/ HTTP/1.1" 200 1207
[2025-12-12 16:08:05,635] INFO django.server:213 "GET /api/channel-analyses/ HTTP/1.1" 200 1207
[2025-12-12 16:08:10,673] INFO django.server:213 "GET /api/channel-analyses/ HTTP/1.1" 200 1207
[2025-12-12 16:08:10,706] INFO django.server:213 "OPTIONS /api/tg_channel/ HTTP/1.1" 200 0
[2025-12-12 16:08:11,224] INFO django.server:213 "POST /api/tg_channel/ HTTP/1.1" 200 185
[2025-12-12 16:08:15,642] INFO django.server:213 "GET /api/channel-analyses/ HTTP/1.1" 200 1475
[2025-12-12 16:08:20,663] INFO django.server:213 "GET /api/channel-analyses/ HTTP/1.1" 200 1475
[2025-12-12 16:08:25,635] INFO django.server:213 "GET /api/channel-analyses/ HTTP/1.1" 200 1570
[2025-12-12 16:08:30,673] INFO django.server:213 "GET /api/channel-analyses/ HTTP/1.1" 200 1570
[2025-12-12 16:08:35,644] INFO django.server:213 "GET /api/channel-analyses/ HTTP/1.1" 200 1570
[2025-12-12 16:08:40,680] INFO django.server:213 "GET /api/channel-analyses/ HTTP/1.1" 200 1570
[2025-12-12 16:08:45,637] INFO django.server:213 "GET /api/channel-analyses/ HTTP/1.1" 200 1570
[2025-12-12 16:08:50,662] INFO django.server:213 "GET /api/channel-analyses/ HTTP/1.1" 200 1570
[2025-12-12 16:08:51,168] INFO django.server:213 "GET /api/channel-analyses/5/ HTTP/1.1" 200 3442
[2025-12-12 16:08:51,431] INFO django.server:213 "GET /api/channel-analyses/5/ HTTP/1.1" 200 3442
[2025-12-12 16:18:08,091] INFO django.server:213 "GET /django-admin/core/post/64/change/ HTTP/1.1" 200 65489
[2025-12-12 16:18:08,399] INFO django.server:213 "GET /django-admin/jsi18n/ HTTP/1.1" 200 3342
[2025-12-12 16:18:08,698] INFO django.server:213 "GET /static/admin/img/icon-calendar.svg HTTP/1.1" 304 0
[2025-12-12 16:18:08,699] INFO django.server:213 "GET /static/admin/img/icon-clock.svg HTTP/1.1" 304 0
[2025-12-12 16:18:09,335] WARNING django.server:213 "GET /favicon.ico HTTP/1.1" 404 3894
[2025-12-12 16:18:23,477] INFO django.server:213 "GET /django-admin/core/client/ HTTP/1.1" 200 21110
[2025-12-12 16:18:23,513] INFO django.server:213 "GET /static/admin/css/base.css HTTP/1.1" 304 0
[2025-12-12 16:18:23,514] INFO django.server:213 "GET /static/admin/css/dark_mode.css HTTP/1.1" 304 0
[2025-12-12 16:18:23,514] INFO django.server:213 "GET /static/admin/css/nav_sidebar.css HTTP/1.1" 304 0
[2025-12-12 16:18:23,516] INFO django.server:213 "GET /static/admin/js/theme.js HTTP/1.1" 304 0
[2025-12-12 16:18:23,516] INFO django.server:213 "GET /static/admin/js/vendor/jquery/jquery.js HTTP/1.1" 304 0
[2025-12-12 16:18:23,516] INFO django.server:213 "GET /static/admin/css/changelists.css HTTP/1.1" 304 0
[2025-12-12 16:18:23,519] INFO django.server:213 "GET /static/admin/css/responsive.css HTTP/1.1" 304 0
[2025-12-12 16:18:23,519] INFO django.server:213 "GET /static/admin/js/jquery.init.js HTTP/1.1" 304 0
[2025-12-12 16:18:23,520] INFO django.server:213 "GET /static/admin/js/core.js HTTP/1.1" 304 0
[2025-12-12 16:18:23,521] INFO django.server:213 "GET /static/admin/js/actions.js HTTP/1.1" 304 0
[2025-12-12 16:18:23,522] INFO django.server:213 "GET /static/admin/js/admin/RelatedObjectLookups.js HTTP/1.1" 304 0
[2025-12-12 16:18:23,523] INFO django.server:213 "GET /static/admin/js/urlify.js HTTP/1.1" 304 0
[2025-12-12 16:18:23,523] INFO django.server:213 "GET /static/admin/js/vendor/xregexp/xregexp.js HTTP/1.1" 304 0
[2025-12-12 16:18:23,523] INFO django.server:213 "GET /static/admin/js/prepopulate.js HTTP/1.1" 304 0
[2025-12-12 16:18:23,529] INFO django.server:213 "GET /static/admin/img/search.svg HTTP/1.1" 304 0
[2025-12-12 16:18:23,543] INFO django.server:213 "GET /static/admin/js/nav_sidebar.js HTTP/1.1" 304 0
[2025-12-12 16:18:23,546] INFO django.server:213 "GET /static/admin/js/filters.js HTTP/1.1" 304 0
[2025-12-12 16:18:23,978] INFO django.server:213 "GET /django-admin/jsi18n/ HTTP/1.1" 200 3342
[2025-12-12 16:18:23,998] INFO django.server:213 "GET /static/admin/img/tooltag-add.svg HTTP/1.1" 304 0
[2025-12-12 16:18:26,915] INFO django.server:213 "GET /django-admin/core/client/5/change/ HTTP/1.1" 200 58217
[2025-12-12 16:18:26,949] INFO django.server:213 "GET /static/admin/css/forms.css HTTP/1.1" 304 0
[2025-12-12 16:18:26,950] INFO django.server:213 "GET /static/admin/js/inlines.js HTTP/1.1" 304 0
[2025-12-12 16:18:26,950] INFO django.server:213 "GET /static/admin/js/prepopulate_init.js HTTP/1.1" 304 0
[2025-12-12 16:18:26,976] INFO django.server:213 "GET /static/admin/css/widgets.css HTTP/1.1" 304 0
[2025-12-12 16:18:26,980] INFO django.server:213 "GET /static/admin/img/icon-unknown.svg HTTP/1.1" 304 0
[2025-12-12 16:18:26,981] INFO django.server:213 "GET /static/admin/js/change_form.js HTTP/1.1" 304 0
[2025-12-12 16:18:27,098] INFO django.server:213 "GET /django-admin/jsi18n/ HTTP/1.1" 200 3342
[2025-12-12 16:18:27,112] INFO django.server:213 "GET /static/admin/img/icon-changelink.svg HTTP/1.1" 304 0
[2025-12-12 16:24:10,461] WARNING django.server:213 "GET /api/posts/ HTTP/1.1" 401 172
[2025-12-12 16:24:10,461] WARNING django.server:213 "GET /api/templates/ HTTP/1.1" 401 172
[2025-12-12 16:24:10,947] INFO django.server:213 "POST /api/auth/refresh/ HTTP/1.1" 200 244
[2025-12-12 16:24:11,223] INFO django.server:213 "GET /api/templates/ HTTP/1.1" 200 17339
[2025-12-12 16:24:11,928] INFO django.server:213 "GET /api/posts/ HTTP/1.1" 200 1249
[2025-12-12 16:24:28,771] INFO django.server:213 "GET /api/channel-analyses/5/ HTTP/1.1" 200 3515
[2025-12-12 16:27:07,009] INFO django.server:213 "GET /django-admin/core/systemsetting/ HTTP/1.1" 200 17793
[2025-12-12 16:27:09,745] INFO django.server:213 "GET /django-admin/core/systemsetting/1/change/ HTTP/1.1" 200 25340
[2025-12-12 16:27:09,934] INFO django.server:213 "GET /django-admin/jsi18n/ HTTP/1.1" 200 3342
[2025-12-12 16:27:42,142] INFO django.server:81 - Broken pipe from ('127.0.0.1', 59377)
[2025-12-12 16:27:42,720] INFO django.server:213 "POST /django-admin/core/systemsetting/1/change/ HTTP/1.1" 302 0
[2025-12-12 16:27:43,060] INFO django.server:213 "GET /django-admin/core/systemsetting/1/change/ HTTP/1.1" 200 25598
[2025-12-12 16:27:43,219] INFO django.server:213 "GET /django-admin/jsi18n/ HTTP/1.1" 200 3342
[2025-12-12 16:27:43,233] INFO django.server:213 "GET /static/admin/img/icon-yes.svg HTTP/1.1" 304 0
[2025-12-12 16:28:55,665] INFO django.server:213 "GET /api/channel-analyses/ HTTP/1.1" 200 1570
[2025-12-12 16:28:55,935] INFO django.server:213 "GET /api/channel-analyses/ HTTP/1.1" 200 1570
[2025-12-12 16:29:00,673] INFO django.server:213 "GET /api/channel-analyses/ HTTP/1.1" 200 1570
[2025-12-12 16:29:02,617] INFO django.server:213 "POST /api/tg_channel/ HTTP/1.1" 200 171
[2025-12-12 16:29:05,646] INFO django.server:213 "GET /api/channel-analyses/ HTTP/1.1" 200 1824
[2025-12-12 16:29:10,703] INFO django.server:213 "GET /api/channel-analyses/ HTTP/1.1" 200 1824
[2025-12-12 16:29:15,647] INFO django.server:213 "GET /api/channel-analyses/ HTTP/1.1" 200 1824
[2025-12-12 16:29:20,701] INFO django.server:213 "GET /api/channel-analyses/ HTTP/1.1" 200 1824
[2025-12-12 16:29:25,661] INFO django.server:213 "GET /api/channel-analyses/ HTTP/1.1" 200 1824
[2025-12-12 16:29:30,642] INFO django.server:213 "GET /api/channel-analyses/ HTTP/1.1" 200 1824
[2025-12-12 16:29:35,701] INFO django.server:213 "GET /api/channel-analyses/ HTTP/1.1" 200 1851
[2025-12-12 16:29:40,325] INFO django.server:213 "GET /api/channel-analyses/6/ HTTP/1.1" 200 2497
[2025-12-12 16:29:40,581] INFO django.server:213 "GET /api/channel-analyses/6/ HTTP/1.1" 200 2497
[2025-12-12 16:31:18,843] INFO django.server:213 "GET /api/channel-analyses/ HTTP/1.1" 200 1851
[2025-12-12 16:31:19,124] INFO django.server:213 "GET /api/channel-analyses/ HTTP/1.1" 200 1851
[2025-12-12 16:31:23,355] INFO django.server:213 "GET /api/channel-analyses/ HTTP/1.1" 200 1851
[2025-12-12 16:31:28,727] INFO django.server:213 "GET /api/channel-analyses/ HTTP/1.1" 200 1851
[2025-12-12 16:31:33,742] INFO django.server:213 "GET /api/channel-analyses/ HTTP/1.1" 200 1851
[2025-12-12 16:31:38,687] INFO django.server:213 "GET /api/channel-analyses/ HTTP/1.1" 200 1851
[2025-12-12 16:31:43,739] INFO django.server:213 "GET /api/channel-analyses/ HTTP/1.1" 200 1851
[2025-12-12 16:31:48,732] INFO django.server:213 "GET /api/channel-analyses/ HTTP/1.1" 200 1851
[2025-12-12 16:31:53,691] INFO django.server:213 "GET /api/channel-analyses/ HTTP/1.1" 200 1851
[2025-12-12 16:31:58,684] INFO django.server:213 "GET /api/channel-analyses/ HTTP/1.1" 200 1851
[2025-12-12 16:32:03,701] INFO django.server:213 "GET /api/channel-analyses/ HTTP/1.1" 200 1851
[2025-12-12 16:32:08,730] INFO django.server:213 "GET /api/channel-analyses/ HTTP/1.1" 200 1851
[2025-12-12 16:32:13,693] INFO django.server:213 "GET /api/channel-analyses/ HTTP/1.1" 200 1851
[2025-12-12 16:32:18,689] INFO django.server:213 "GET /api/channel-analyses/ HTTP/1.1" 200 1851
[2025-12-12 16:32:23,689] INFO django.server:213 "GET /api/channel-analyses/ HTTP/1.1" 200 1851
[2025-12-12 16:32:28,669] INFO django.server:213 "GET /api/channel-analyses/ HTTP/1.1" 200 1851
[2025-12-12 16:32:33,710] INFO django.server:213 "GET /api/channel-analyses/ HTTP/1.1" 200 1851
[2025-12-12 16:32:36,576] INFO django.server:213 "POST /api/tg_channel/ HTTP/1.1" 200 171
[2025-12-12 16:32:38,340] INFO django.server:213 "GET /api/channel-analyses/ HTTP/1.1" 200 2105
[2025-12-12 16:32:41,918] INFO django.server:213 "GET /api/channel-analyses/7/ HTTP/1.1" 200 278
[2025-12-12 16:32:42,157] INFO django.server:213 "GET /api/channel-analyses/7/ HTTP/1.1" 200 278
[2025-12-12 16:34:33,683] INFO django.server:213 "GET /api/channel-analyses/7/ HTTP/1.1" 200 1781
[2025-12-12 16:58:52,808] INFO django.server:213 "GET /django-admin/core/client/ HTTP/1.1" 200 21110
[2025-12-12 16:58:53,015] INFO django.server:213 "GET /django-admin/jsi18n/ HTTP/1.1" 200 3342
[2025-12-12 16:58:53,112] INFO django.server:213 "GET /static/admin/img/icon-addlink.svg HTTP/1.1" 304 0
[2025-12-12 17:00:33,160] INFO django.server:213 "GET /django-admin/core/systemsetting/ HTTP/1.1" 200 17793
[2025-12-12 17:00:37,704] INFO django.server:213 "GET /django-admin/core/systemsetting/1/change/ HTTP/1.1" 200 25340
[2025-12-12 17:00:37,931] INFO django.server:213 "GET /django-admin/jsi18n/ HTTP/1.1" 200 3342
[2025-12-12 17:03:50,548] INFO django.server:213 "POST /django-admin/core/systemsetting/1/change/ HTTP/1.1" 302 0
[2025-12-12 17:03:50,951] INFO django.server:213 "GET /django-admin/core/systemsetting/1/change/ HTTP/1.1" 200 25610
[2025-12-12 17:03:51,161] INFO django.server:213 "GET /django-admin/jsi18n/ HTTP/1.1" 200 3342
[2025-12-12 17:05:32,311] WARNING django.server:213 "GET /api/channel-analyses/ HTTP/1.1" 401 172
[2025-12-12 17:05:32,317] WARNING django.server:213 "GET /api/channel-analyses/ HTTP/1.1" 401 172
[2025-12-12 17:05:32,828] INFO django.server:213 "POST /api/auth/refresh/ HTTP/1.1" 200 244
[2025-12-12 17:05:33,122] INFO django.server:213 "GET /api/channel-analyses/ HTTP/1.1" 200 2132
[2025-12-12 17:05:33,388] INFO django.server:213 "GET /api/channel-analyses/ HTTP/1.1" 200 2132
[2025-12-12 17:05:37,492] INFO django.server:213 "GET /api/channel-analyses/ HTTP/1.1" 200 2132
[2025-12-12 17:05:42,852] INFO django.server:213 "GET /api/channel-analyses/ HTTP/1.1" 200 2132
[2025-12-12 17:05:47,496] INFO django.server:213 "GET /api/client/summary/ HTTP/1.1" 200 74
[2025-12-12 17:05:47,851] INFO django.server:213 "GET /api/client/summary/ HTTP/1.1" 200 74
[2025-12-12 17:07:41,168] INFO django.server:213 "GET /api/channel-analyses/ HTTP/1.1" 200 2132
[2025-12-12 17:07:41,443] INFO django.server:213 "GET /api/channel-analyses/ HTTP/1.1" 200 2132
[2025-12-12 17:07:46,182] INFO django.server:213 "GET /api/channel-analyses/ HTTP/1.1" 200 2132
[2025-12-12 17:07:51,114] INFO django.server:213 "GET /api/channel-analyses/ HTTP/1.1" 200 2132
[2025-12-12 17:07:56,133] INFO django.server:213 "GET /api/channel-analyses/ HTTP/1.1" 200 2132
[2025-12-12 17:08:01,141] INFO django.server:213 "GET /api/channel-analyses/ HTTP/1.1" 200 2132
[2025-12-12 17:08:06,144] INFO django.server:213 "GET /api/channel-analyses/ HTTP/1.1" 200 2132
[2025-12-12 17:08:11,163] INFO django.server:213 "GET /api/channel-analyses/ HTTP/1.1" 200 2132
[2025-12-12 17:08:16,132] INFO django.server:213 "GET /api/channel-analyses/ HTTP/1.1" 200 2132
[2025-12-12 17:08:21,240] INFO django.server:213 "GET /api/channel-analyses/ HTTP/1.1" 200 2132
[2025-12-12 17:08:26,115] INFO django.server:213 "GET /api/channel-analyses/ HTTP/1.1" 200 2132
[2025-12-12 17:08:26,562] INFO django.server:213 "POST /api/tg_channel/ HTTP/1.1" 200 171
[2025-12-12 17:08:31,133] INFO django.server:213 "GET /api/channel-analyses/ HTTP/1.1" 200 2386
[2025-12-12 17:08:36,185] INFO django.server:213 "GET /api/channel-analyses/ HTTP/1.1" 200 2386
[2025-12-12 17:08:41,188] INFO django.server:213 "GET /api/channel-analyses/ HTTP/1.1" 200 2386
[2025-12-12 17:08:46,103] INFO django.server:213 "GET /api/channel-analyses/ HTTP/1.1" 200 2386
[2025-12-12 17:08:51,140] INFO django.server:213 "GET /api/channel-analyses/ HTTP/1.1" 200 2386
[2025-12-12 17:08:55,705] INFO django.server:213 "GET /api/channel-analyses/ HTTP/1.1" 200 2386
[2025-12-12 17:09:00,636] INFO django.server:213 "GET /api/channel-analyses/ HTTP/1.1" 200 2386
[2025-12-12 17:09:05,649] INFO django.server:213 "GET /api/channel-analyses/ HTTP/1.1" 200 2386
[2025-12-12 17:09:06,082] INFO django.server:213 "GET /api/schedules/ HTTP/1.1" 200 2
[2025-12-12 17:09:06,274] INFO django.server:213 "GET /api/schedules/ HTTP/1.1" 200 2
[2025-12-12 17:09:08,937] INFO django.server:213 "GET /api/templates/ HTTP/1.1" 200 17339
[2025-12-12 17:09:09,357] INFO django.server:213 "GET /api/posts/ HTTP/1.1" 200 1249
[2025-12-12 17:09:09,557] INFO django.server:213 "GET /api/templates/ HTTP/1.1" 200 17339
[2025-12-12 17:09:10,049] INFO django.server:213 "GET /api/posts/ HTTP/1.1" 200 1249
[2025-12-12 17:09:19,660] INFO django.server:213 "GET /api/posts/65/ HTTP/1.1" 200 2925
[2025-12-12 17:09:19,691] INFO django.server:213 "GET /api/client/info/ HTTP/1.1" 200 74
[2025-12-12 17:09:19,913] INFO django.server:213 "GET /api/client/info/ HTTP/1.1" 200 74
[2025-12-12 17:09:20,068] INFO django.server:213 "GET /api/posts/65/ HTTP/1.1" 200 2925
[2025-12-12 17:09:20,131] INFO django.server:213 "GET /api/client/info/ HTTP/1.1" 200 74
[2025-12-12 17:09:20,343] INFO django.server:213 "GET /api/client/info/ HTTP/1.1" 200 74
[2025-12-12 17:09:20,465] INFO django.server:213 "GET /api/posts/65/ HTTP/1.1" 200 2925
[2025-12-12 17:09:20,533] INFO django.server:213 "GET /api/client/info/ HTTP/1.1" 200 74
[2025-12-12 17:09:29,552] INFO django.server:81 - Broken pipe from ('127.0.0.1', 61167)
[2025-12-12 17:09:30,839] INFO django.server:213 "GET /api/templates/ HTTP/1.1" 200 17339
[2025-12-12 17:09:31,208] INFO django.server:213 "GET /api/posts/ HTTP/1.1" 200 1249
[2025-12-12 17:11:08,010] INFO django.server:213 "GET /api/channel-analyses/ HTTP/1.1" 200 2413
[2025-12-12 17:11:08,327] INFO django.server:213 "GET /api/channel-analyses/ HTTP/1.1" 200 2413
[2025-12-12 17:11:11,850] INFO django.server:213 "GET /api/channel-analyses/8/ HTTP/1.1" 200 3445
[2025-12-12 17:11:12,101] INFO django.server:213 "GET /api/channel-analyses/8/ HTTP/1.1" 200 3445
[2025-12-12 17:14:57,833] INFO django.server:213 "GET /django-admin/core/client/ HTTP/1.1" 200 21110
[2025-12-12 17:14:58,025] INFO django.server:213 "GET /django-admin/jsi18n/ HTTP/1.1" 200 3342
[2025-12-12 17:15:39,697] INFO django.server:213 "GET /django-admin/core/client/5/change/ HTTP/1.1" 200 58217
[2025-12-12 17:15:39,898] INFO django.server:213 "GET /django-admin/jsi18n/ HTTP/1.1" 200 3342
[2025-12-12 17:23:03,591] INFO django.server:213 "GET /django-admin/core/systemsetting/ HTTP/1.1" 200 17805
[2025-12-12 17:23:07,852] INFO django.server:213 "GET /django-admin/core/systemsetting/1/change/ HTTP/1.1" 200 25352
[2025-12-12 17:23:08,049] INFO django.server:213 "GET /django-admin/jsi18n/ HTTP/1.1" 200 3342
[2025-12-12 17:26:26,753] INFO django.server:213 "GET /api/channel-analyses/ HTTP/1.1" 200 2413
[2025-12-12 17:26:27,036] INFO django.server:213 "GET /api/channel-analyses/ HTTP/1.1" 200 2413
[2025-12-12 17:26:31,407] INFO django.server:213 "GET /api/channel-analyses/ HTTP/1.1" 200 2413
[2025-12-12 17:26:32,647] INFO django.server:213 "POST /api/tg_channel/ HTTP/1.1" 200 185
[2025-12-12 17:26:36,049] INFO django.server:213 "GET /api/channel-analyses/ HTTP/1.1" 200 2681
[2025-12-12 17:26:41,449] INFO django.server:213 "GET /api/channel-analyses/ HTTP/1.1" 200 2681
[2025-12-12 17:26:56,616] INFO django.server:213 "GET /api/channel-analyses/ HTTP/1.1" 200 2681
[2025-12-12 17:27:01,466] INFO django.server:213 "GET /api/channel-analyses/ HTTP/1.1" 200 2681
[2025-12-12 17:27:06,410] INFO django.server:213 "GET /api/channel-analyses/ HTTP/1.1" 200 2681
[2025-12-12 17:27:11,506] INFO django.server:213 "GET /api/channel-analyses/ HTTP/1.1" 200 2681
[2025-12-12 17:27:16,467] INFO django.server:213 "GET /api/channel-analyses/ HTTP/1.1" 200 2681
[2025-12-12 17:27:21,478] INFO django.server:213 "GET /api/channel-analyses/ HTTP/1.1" 200 2681
[2025-12-12 17:27:26,417] INFO django.server:213 "GET /api/channel-analyses/ HTTP/1.1" 200 2776
[2025-12-12 17:27:31,548] INFO django.server:213 "GET /api/channel-analyses/ HTTP/1.1" 200 2776
[2025-12-12 17:27:36,443] INFO django.server:213 "GET /api/channel-analyses/ HTTP/1.1" 200 2776
[2025-12-12 17:27:41,564] INFO django.server:213 "GET /api/channel-analyses/ HTTP/1.1" 200 2776
[2025-12-12 17:27:43,846] INFO django.server:213 "GET /api/channel-analyses/9/ HTTP/1.1" 200 6519
[2025-12-12 17:27:44,123] INFO django.server:213 "GET /api/channel-analyses/9/ HTTP/1.1" 200 6519
[2025-12-12 17:30:33,732] ERROR django.server:213 "GET /django-admin/core/systemsetting/1/change/ HTTP/1.1" 500 193630
[2025-12-12 17:40:20,864] WARNING django.server:213 "GET /api/channel-analyses/ HTTP/1.1" 401 172
[2025-12-12 17:40:21,328] INFO django.server:213 "POST /api/auth/refresh/ HTTP/1.1" 200 244
[2025-12-12 17:40:21,654] INFO django.server:213 "GET /api/channel-analyses/ HTTP/1.1" 200 2776
[2025-12-12 17:40:26,538] INFO django.server:213 "GET /api/channel-analyses/ HTTP/1.1" 200 2776
[2025-12-12 17:40:31,488] INFO django.server:213 "GET /api/channel-analyses/ HTTP/1.1" 200 2776
[2025-12-12 17:40:36,558] INFO django.server:213 "GET /api/channel-analyses/ HTTP/1.1" 200 2776
[2025-12-12 17:40:41,521] INFO django.server:213 "GET /api/channel-analyses/ HTTP/1.1" 200 2776
[2025-12-12 17:40:44,649] INFO django.server:213 "GET /api/channel-analyses/9/ HTTP/1.1" 200 6519
[2025-12-12 17:40:44,939] INFO django.server:213 "GET /api/channel-analyses/9/ HTTP/1.1" 200 6519
[2025-12-12 17:40:54,908] INFO django.server:213 "GET /api/channel-analyses/ HTTP/1.1" 200 2776
[2025-12-12 17:40:55,231] INFO django.server:213 "GET /api/channel-analyses/ HTTP/1.1" 200 2776
[2025-12-12 17:40:59,668] INFO django.server:213 "GET /api/channel-analyses/ HTTP/1.1" 200 2776
[2025-12-12 17:40:59,904] INFO django.server:213 "POST /api/tg_channel/ HTTP/1.1" 200 171
[2025-12-12 17:41:04,665] INFO django.server:213 "GET /api/channel-analyses/ HTTP/1.1" 200 3031
[2025-12-12 17:41:09,727] INFO django.server:213 "GET /api/channel-analyses/ HTTP/1.1" 200 3031
[2025-12-12 17:41:14,636] INFO django.server:213 "GET /api/channel-analyses/ HTTP/1.1" 200 3031
[2025-12-12 17:41:19,711] INFO django.server:213 "GET /api/channel-analyses/ HTTP/1.1" 200 3031
[2025-12-12 17:41:24,689] INFO django.server:213 "GET /api/channel-analyses/ HTTP/1.1" 200 3031
[2025-12-12 17:41:29,721] INFO django.server:213 "GET /api/channel-analyses/ HTTP/1.1" 200 3031
[2025-12-12 17:41:34,734] INFO django.server:213 "GET /api/channel-analyses/ HTTP/1.1" 200 3031
[2025-12-12 17:41:39,649] INFO django.server:213 "GET /api/channel-analyses/ HTTP/1.1" 200 3031
[2025-12-12 17:41:44,641] INFO django.server:213 "GET /api/channel-analyses/ HTTP/1.1" 200 3031
[2025-12-12 17:41:49,659] INFO django.server:213 "GET /api/channel-analyses/ HTTP/1.1" 200 3031
[2025-12-12 17:41:54,633] INFO django.server:213 "GET /api/channel-analyses/ HTTP/1.1" 200 3031
[2025-12-12 17:41:59,670] INFO django.server:213 "GET /api/channel-analyses/ HTTP/1.1" 200 3031
[2025-12-12 17:42:05,012] INFO django.server:213 "GET /api/channel-analyses/ HTTP/1.1" 200 3031
[2025-12-12 17:42:06,837] ERROR django.server:213 "GET /django-admin/core/systemsetting/1/change/ HTTP/1.1" 500 193630
[2025-12-12 17:42:10,076] INFO django.server:213 "GET /api/channel-analyses/ HTTP/1.1" 200 3031
[2025-12-12 17:42:14,953] INFO django.server:213 "GET /api/channel-analyses/ HTTP/1.1" 200 3031
[2025-12-12 17:42:19,919] INFO django.server:213 "GET /api/channel-analyses/ HTTP/1.1" 200 3031
[2025-12-12 17:42:24,908] INFO django.server:213 "GET /api/channel-analyses/ HTTP/1.1" 200 3031
[2025-12-12 17:42:30,127] INFO django.server:213 "GET /api/channel-analyses/ HTTP/1.1" 200 3031
[2025-12-12 17:42:34,912] INFO django.server:213 "GET /api/channel-analyses/ HTTP/1.1" 200 3031
[2025-12-12 17:42:39,924] INFO django.server:213 "GET /api/channel-analyses/ HTTP/1.1" 200 3031
[2025-12-12 17:42:44,920] INFO django.server:213 "GET /api/channel-analyses/ HTTP/1.1" 200 3058
[2025-12-12 17:42:49,933] INFO django.server:213 "GET /api/channel-analyses/ HTTP/1.1" 200 3058
[2025-12-12 17:42:54,956] INFO django.server:213 "GET /api/channel-analyses/ HTTP/1.1" 200 3058
[2025-12-12 17:42:59,891] INFO django.server:213 "GET /api/channel-analyses/ HTTP/1.1" 200 3058
[2025-12-12 17:43:39,946] INFO django.server:213 "GET /api/channel-analyses/ HTTP/1.1" 200 3058
[2025-12-12 17:44:07,188] ERROR django.server:213 "GET /django-admin/core/systemsetting/1/change/ HTTP/1.1" 500 193630
[2025-12-12 17:44:39,941] INFO django.server:213 "GET /api/channel-analyses/ HTTP/1.1" 200 3058
[2025-12-12 17:45:39,942] INFO django.server:213 "GET /api/channel-analyses/ HTTP/1.1" 200 3058
[2025-12-12 17:46:39,940] INFO django.server:213 "GET /api/channel-analyses/ HTTP/1.1" 200 3058
[2025-12-12 17:47:39,973] INFO django.server:213 "GET /api/channel-analyses/ HTTP/1.1" 200 3058
[2025-12-12 17:48:40,000] INFO django.server:213 "GET /api/channel-analyses/ HTTP/1.1" 200 3058
[2025-12-12 17:49:58,045] INFO django.server:213 "GET /django-admin/core/systemsetting/1/change/ HTTP/1.1" 200 26449
[2025-12-12 17:49:58,850] INFO django.server:213 "GET /django-admin/jsi18n/ HTTP/1.1" 200 3342
[2025-12-12 17:50:40,167] INFO django.server:213 "GET /api/channel-analyses/ HTTP/1.1" 200 3058
[2025-12-12 17:51:06,586] INFO django.server:213 "POST /django-admin/core/systemsetting/1/change/ HTTP/1.1" 302 0
[2025-12-12 17:51:06,936] INFO django.server:213 "GET /django-admin/core/systemsetting/1/change/ HTTP/1.1" 200 26717
[2025-12-12 17:51:07,116] INFO django.server:213 "GET /django-admin/jsi18n/ HTTP/1.1" 200 3342
[2025-12-12 17:51:39,974] INFO django.server:213 "GET /api/channel-analyses/ HTTP/1.1" 200 3058
[2025-12-12 17:52:40,006] INFO django.server:213 "GET /api/channel-analyses/ HTTP/1.1" 200 3058
[2025-12-12 17:53:40,024] INFO django.server:213 "GET /api/channel-analyses/ HTTP/1.1" 200 3058
[2025-12-12 17:54:05,250] INFO django.server:213 "GET /django-admin/core/post/ HTTP/1.1" 200 74854
[2025-12-12 17:54:05,514] INFO django.server:213 "GET /django-admin/jsi18n/ HTTP/1.1" 200 3342
[2025-12-12 17:54:05,538] INFO django.server:213 "GET /static/admin/img/sorting-icons.svg HTTP/1.1" 304 0
[2025-12-12 17:54:05,629] INFO django.server:213 "GET /static/admin/img/icon-viewlink.svg HTTP/1.1" 304 0
[2025-12-12 17:54:39,999] INFO django.server:213 "GET /api/channel-analyses/ HTTP/1.1" 200 3058
[2025-12-12 17:55:39,900] INFO django.server:213 "GET /api/channel-analyses/ HTTP/1.1" 200 3058
[2025-12-12 17:56:39,990] INFO django.server:213 "GET /api/channel-analyses/ HTTP/1.1" 200 3058
[2025-12-12 17:57:39,969] INFO django.server:213 "GET /api/channel-analyses/ HTTP/1.1" 200 3058
[2025-12-12 17:58:40,093] INFO django.server:213 "GET /api/channel-analyses/ HTTP/1.1" 200 3058
[2025-12-12 17:59:40,012] INFO django.server:213 "GET /api/channel-analyses/ HTTP/1.1" 200 3058
[2025-12-12 18:00:39,994] INFO django.server:213 "GET /api/channel-analyses/ HTTP/1.1" 200 3058
[2025-12-12 18:01:40,237] INFO django.server:213 "GET /api/channel-analyses/ HTTP/1.1" 200 3058
[2025-12-12 18:02:40,055] INFO django.server:213 "GET /api/channel-analyses/ HTTP/1.1" 200 3058
[2025-12-12 18:03:39,996] INFO django.server:213 "GET /api/channel-analyses/ HTTP/1.1" 200 3058
[2025-12-12 18:04:25,511] INFO django.server:213 "GET /api/channel-analyses/ HTTP/1.1" 200 3058
[2025-12-12 18:04:29,742] INFO django.server:213 "GET /api/channel-analyses/ HTTP/1.1" 200 3058
[2025-12-12 18:04:34,819] INFO django.server:213 "GET /api/channel-analyses/ HTTP/1.1" 200 3058
[2025-12-12 18:04:38,387] INFO django.server:213 "GET /api/channel-analyses/10/ HTTP/1.1" 200 5215
[2025-12-12 18:04:39,067] INFO django.server:213 "GET /api/channel-analyses/10/ HTTP/1.1" 200 5215
[2025-12-12 18:29:24,290] WARNING django.server:213 "GET /api/channel-analyses/ HTTP/1.1" 401 172
[2025-12-12 18:29:24,293] WARNING django.server:213 "GET /api/channel-analyses/ HTTP/1.1" 401 172
[2025-12-12 18:29:24,293] INFO django.server:213 "OPTIONS /api/auth/refresh/ HTTP/1.1" 200 0
[2025-12-12 18:29:24,944] INFO django.server:213 "POST /api/auth/refresh/ HTTP/1.1" 200 244
[2025-12-12 18:29:25,285] INFO django.server:213 "GET /api/channel-analyses/ HTTP/1.1" 200 3058
[2025-12-12 18:29:25,580] INFO django.server:213 "GET /api/channel-analyses/ HTTP/1.1" 200 3058
[2025-12-12 18:29:29,420] INFO django.server:213 "GET /api/channel-analyses/ HTTP/1.1" 200 3058
[2025-12-12 18:29:34,922] INFO django.server:213 "GET /api/channel-analyses/ HTTP/1.1" 200 3058
[2025-12-12 18:29:39,465] INFO django.server:213 "GET /api/channel-analyses/ HTTP/1.1" 200 3058
[2025-12-12 18:29:45,459] INFO django.server:213 "GET /api/channel-analyses/ HTTP/1.1" 200 3058
[2025-12-12 18:29:49,669] INFO django.server:213 "GET /api/channel-analyses/ HTTP/1.1" 200 3058
[2025-12-12 18:29:54,516] INFO django.server:213 "GET /api/channel-analyses/ HTTP/1.1" 200 3058
[2025-12-12 18:29:59,557] INFO django.server:213 "GET /api/channel-analyses/ HTTP/1.1" 200 3058
[2025-12-12 18:30:04,431] INFO django.server:213 "GET /api/channel-analyses/ HTTP/1.1" 200 3058
[2025-12-12 18:30:09,928] INFO django.server:213 "GET /api/channel-analyses/ HTTP/1.1" 200 3058
[2025-12-12 18:30:14,444] INFO django.server:213 "GET /api/channel-analyses/ HTTP/1.1" 200 3058
[2025-12-12 18:30:19,856] INFO django.server:213 "GET /api/channel-analyses/ HTTP/1.1" 200 3058
[2025-12-12 18:30:24,431] INFO django.server:213 "GET /api/channel-analyses/ HTTP/1.1" 200 3058
[2025-12-12 18:30:29,843] INFO django.server:213 "GET /api/channel-analyses/ HTTP/1.1" 200 3058
[2025-12-12 18:30:34,410] INFO django.server:213 "GET /api/channel-analyses/ HTTP/1.1" 200 3058
[2025-12-12 18:30:39,844] INFO django.server:213 "GET /api/channel-analyses/ HTTP/1.1" 200 3058
[2025-12-12 18:30:49,932] INFO django.server:213 "GET /api/channel-analyses/ HTTP/1.1" 200 3058
[2025-12-12 18:30:54,453] INFO django.server:213 "GET /api/channel-analyses/ HTTP/1.1" 200 3058
[2025-12-12 18:30:59,805] INFO django.server:213 "GET /api/channel-analyses/ HTTP/1.1" 200 3058
[2025-12-12 18:31:04,408] INFO django.server:213 "GET /api/channel-analyses/ HTTP/1.1" 200 3058
[2025-12-12 18:31:09,839] INFO django.server:213 "GET /api/channel-analyses/ HTTP/1.1" 200 3058
[2025-12-12 18:31:14,498] INFO django.server:213 "GET /api/channel-analyses/ HTTP/1.1" 200 3058
[2025-12-12 18:31:25,413] INFO django.server:213 "GET /api/channel-analyses/ HTTP/1.1" 200 3058
[2025-12-12 18:31:29,800] INFO django.server:213 "GET /api/channel-analyses/ HTTP/1.1" 200 3058
[2025-12-12 18:31:34,905] INFO django.server:213 "GET /api/channel-analyses/ HTTP/1.1" 200 3058
[2025-12-12 18:31:44,902] INFO django.server:213 "GET /api/channel-analyses/ HTTP/1.1" 200 3058
[2025-12-12 18:31:49,810] INFO django.server:213 "GET /api/channel-analyses/ HTTP/1.1" 200 3058
[2025-12-12 18:31:55,547] INFO django.server:213 "GET /api/channel-analyses/ HTTP/1.1" 200 3058
[2025-12-12 18:31:59,847] INFO django.server:213 "GET /api/channel-analyses/ HTTP/1.1" 200 3058
[2025-12-12 18:32:04,860] INFO django.server:213 "GET /api/channel-analyses/ HTTP/1.1" 200 3058
[2025-12-12 18:32:09,824] INFO django.server:213 "GET /api/channel-analyses/ HTTP/1.1" 200 3058
[2025-12-12 18:32:14,805] INFO django.server:213 "GET /api/channel-analyses/ HTTP/1.1" 200 3058
[2025-12-12 18:32:19,811] INFO django.server:213 "GET /api/channel-analyses/ HTTP/1.1" 200 3058
[2025-12-12 18:32:25,465] INFO django.server:213 "GET /api/channel-analyses/ HTTP/1.1" 200 3058
[2025-12-12 18:32:29,810] INFO django.server:213 "GET /api/channel-analyses/ HTTP/1.1" 200 3058
[2025-12-12 18:32:34,955] INFO django.server:213 "GET /api/channel-analyses/ HTTP/1.1" 200 3058
[2025-12-12 18:32:39,785] INFO django.server:213 "GET /api/channel-analyses/ HTTP/1.1" 200 3058
[2025-12-12 18:32:44,892] INFO django.server:213 "GET /api/channel-analyses/ HTTP/1.1" 200 3058
[2025-12-12 18:33:21,341] INFO django.server:213 "GET /api/channel-analyses/ HTTP/1.1" 200 3058
[2025-12-12 18:34:21,333] INFO django.server:213 "GET /api/channel-analyses/ HTTP/1.1" 200 3058
[2025-12-12 18:35:21,218] INFO django.server:213 "GET /api/channel-analyses/ HTTP/1.1" 200 3058
[2025-12-12 18:36:21,288] INFO django.server:213 "GET /api/channel-analyses/ HTTP/1.1" 200 3058
[2025-12-12 18:37:21,325] INFO django.server:213 "GET /api/channel-analyses/ HTTP/1.1" 200 3058
[2025-12-12 18:38:21,347] INFO django.server:213 "GET /api/channel-analyses/ HTTP/1.1" 200 3058
[2025-12-12 18:39:21,324] INFO django.server:213 "GET /api/channel-analyses/ HTTP/1.1" 200 3058
[2025-12-12 18:40:21,831] INFO django.server:213 "GET /api/channel-analyses/ HTTP/1.1" 200 3058
[2025-12-12 18:41:21,372] INFO django.server:213 "GET /api/channel-analyses/ HTTP/1.1" 200 3058
[2025-12-12 18:42:21,430] INFO django.server:213 "GET /api/channel-analyses/ HTTP/1.1" 200 3058
[2025-12-12 18:43:21,621] INFO django.server:213 "GET /api/channel-analyses/ HTTP/1.1" 200 3058
[2025-12-12 18:44:21,276] INFO django.server:213 "GET /api/channel-analyses/ HTTP/1.1" 200 3058
[2025-12-12 18:45:20,804] INFO django.server:213 "GET /api/channel-analyses/ HTTP/1.1" 200 3058
[2025-12-12 18:46:20,831] INFO django.server:213 "GET /api/channel-analyses/ HTTP/1.1" 200 3058
[2025-12-12 18:47:20,786] INFO django.server:213 "GET /api/channel-analyses/ HTTP/1.1" 200 3058
[2025-12-12 18:48:20,860] INFO django.server:213 "GET /api/channel-analyses/ HTTP/1.1" 200 3058
[2025-12-12 18:49:20,826] INFO django.server:213 "GET /api/channel-analyses/ HTTP/1.1" 200 3058
[2025-12-12 18:50:20,844] INFO django.server:213 "GET /api/channel-analyses/ HTTP/1.1" 200 3058
[2025-12-12 18:51:20,825] INFO django.server:213 "GET /api/channel-analyses/ HTTP/1.1" 200 3058
[2025-12-12 18:52:20,819] INFO django.server:213 "GET /api/channel-analyses/ HTTP/1.1" 200 3058
[2025-12-12 18:53:21,481] INFO django.server:213 "GET /api/channel-analyses/ HTTP/1.1" 200 3058
[2025-12-12 18:54:21,318] INFO django.server:213 "GET /api/channel-analyses/ HTTP/1.1" 200 3058
[2025-12-12 18:55:21,760] INFO django.server:213 "GET /api/channel-analyses/ HTTP/1.1" 200 3058
[2025-12-12 18:56:21,834] INFO django.server:213 "GET /api/channel-analyses/ HTTP/1.1" 200 3058
[2025-12-12 18:57:21,532] INFO django.server:213 "GET /api/channel-analyses/ HTTP/1.1" 200 3058
[2025-12-12 18:58:21,375] INFO django.server:213 "GET /api/channel-analyses/ HTTP/1.1" 200 3058
[2025-12-12 18:59:21,932] INFO django.server:213 "GET /api/channel-analyses/ HTTP/1.1" 200 3058
[2025-12-12 19:00:20,563] WARNING django.server:213 "GET /api/channel-analyses/ HTTP/1.1" 401 172
[2025-12-12 19:00:21,103] INFO django.server:213 "POST /api/auth/refresh/ HTTP/1.1" 200 244
[2025-12-12 19:00:21,478] INFO django.server:213 "GET /api/channel-analyses/ HTTP/1.1" 200 3058
[2025-12-12 19:01:21,366] INFO django.server:213 "GET /api/channel-analyses/ HTTP/1.1" 200 3058
[2025-12-12 19:02:21,265] INFO django.server:213 "GET /api/channel-analyses/ HTTP/1.1" 200 3058
[2025-12-12 19:03:21,312] INFO django.server:213 "GET /api/channel-analyses/ HTTP/1.1" 200 3058
[2025-12-12 19:04:21,493] INFO django.server:213 "GET /api/channel-analyses/ HTTP/1.1" 200 3058
[2025-12-12 19:09:20,445] INFO django.server:213 "GET /api/channel-analyses/ HTTP/1.1" 200 3058
[2025-12-12 19:10:20,065] INFO django.server:213 "GET /api/channel-analyses/ HTTP/1.1" 200 3058
[2025-12-12 19:11:20,114] INFO django.server:213 "GET /api/channel-analyses/ HTTP/1.1" 200 3058
[2025-12-12 19:12:20,116] INFO django.server:213 "GET /api/channel-analyses/ HTTP/1.1" 200 3058
[2025-12-12 19:13:20,070] INFO django.server:213 "GET /api/channel-analyses/ HTTP/1.1" 200 3058
[2025-12-12 19:14:20,085] INFO django.server:213 "GET /api/channel-analyses/ HTTP/1.1" 200 3058
[2025-12-12 19:15:20,150] INFO django.server:213 "GET /api/channel-analyses/ HTTP/1.1" 200 3058
[2025-12-12 19:16:20,200] INFO django.server:213 "GET /api/channel-analyses/ HTTP/1.1" 200 3058
[2025-12-12 19:17:20,187] INFO django.server:213 "GET /api/channel-analyses/ HTTP/1.1" 200 3058
[2025-12-12 19:18:20,077] INFO django.server:213 "GET /api/channel-analyses/ HTTP/1.1" 200 3058
[2025-12-12 19:19:20,280] INFO django.server:213 "GET /api/channel-analyses/ HTTP/1.1" 200 3058
[2025-12-12 19:20:20,124] INFO django.server:213 "GET /api/channel-analyses/ HTTP/1.1" 200 3058
[2025-12-12 19:21:20,092] INFO django.server:213 "GET /api/channel-analyses/ HTTP/1.1" 200 3058
[2025-12-12 19:22:20,127] INFO django.server:213 "GET /api/channel-analyses/ HTTP/1.1" 200 3058
[2025-12-12 19:23:20,556] INFO django.server:213 "GET /api/channel-analyses/ HTTP/1.1" 200 3058
[2025-12-12 19:24:20,740] INFO django.server:213 "GET /api/channel-analyses/ HTTP/1.1" 200 3058
[2025-12-12 19:25:20,576] INFO django.server:213 "GET /api/channel-analyses/ HTTP/1.1" 200 3058
[2025-12-12 19:26:20,083] INFO django.server:213 "GET /api/channel-analyses/ HTTP/1.1" 200 3058
[2025-12-12 19:27:20,249] INFO django.server:213 "GET /api/channel-analyses/ HTTP/1.1" 200 3058
[2025-12-12 19:28:20,332] INFO django.server:213 "GET /api/channel-analyses/ HTTP/1.1" 200 3058
[2025-12-12 19:29:20,093] INFO django.server:213 "GET /api/channel-analyses/ HTTP/1.1" 200 3058
[2025-12-12 19:30:20,053] INFO django.server:213 "GET /api/channel-analyses/ HTTP/1.1" 200 3058
[2025-12-12 19:31:19,332] WARNING django.server:213 "GET /api/channel-analyses/ HTTP/1.1" 401 172
[2025-12-12 19:31:19,942] INFO django.server:213 "POST /api/auth/refresh/ HTTP/1.1" 200 244
[2025-12-12 19:31:20,480] INFO django.server:213 "GET /api/channel-analyses/ HTTP/1.1" 200 3058
[2025-12-12 19:32:20,044] INFO django.server:213 "GET /api/channel-analyses/ HTTP/1.1" 200 3058
[2025-12-12 19:33:20,016] INFO django.server:213 "GET /api/channel-analyses/ HTTP/1.1" 200 3058
[2025-12-12 19:34:20,122] INFO django.server:213 "GET /api/channel-analyses/ HTTP/1.1" 200 3058
[2025-12-12 19:35:20,198] INFO django.server:213 "GET /api/channel-analyses/ HTTP/1.1" 200 3058
[2025-12-12 19:36:20,138] INFO django.server:213 "GET /api/channel-analyses/ HTTP/1.1" 200 3058
[2025-12-12 19:37:20,124] INFO django.server:213 "GET /api/channel-analyses/ HTTP/1.1" 200 3058
[2025-12-12 19:38:20,454] INFO django.server:213 "GET /api/channel-analyses/ HTTP/1.1" 200 3058
[2025-12-12 19:39:20,157] INFO django.server:213 "GET /api/channel-analyses/ HTTP/1.1" 200 3058
[2025-12-12 19:40:20,272] INFO django.server:213 "GET /api/channel-analyses/ HTTP/1.1" 200 3058
[2025-12-12 19:41:19,989] INFO django.server:213 "GET /api/channel-analyses/ HTTP/1.1" 200 3058
[2025-12-12 19:42:20,299] INFO django.server:213 "GET /api/channel-analyses/ HTTP/1.1" 200 3058
[2025-12-12 19:43:20,075] INFO django.server:213 "GET /api/channel-analyses/ HTTP/1.1" 200 3058
[2025-12-12 19:44:20,281] INFO django.server:213 "GET /api/channel-analyses/ HTTP/1.1" 200 3058
[2025-12-12 19:45:20,667] INFO django.server:213 "GET /api/channel-analyses/ HTTP/1.1" 200 3058
[2025-12-12 19:46:20,449] INFO django.server:213 "GET /api/channel-analyses/ HTTP/1.1" 200 3058
[2025-12-12 19:47:20,140] INFO django.server:213 "GET /api/channel-analyses/ HTTP/1.1" 200 3058
[2025-12-12 19:48:20,212] INFO django.server:213 "GET /api/channel-analyses/ HTTP/1.1" 200 3058
[2025-12-12 19:49:20,113] INFO django.server:213 "GET /api/channel-analyses/ HTTP/1.1" 200 3058
[2025-12-12 19:50:20,289] INFO django.server:213 "GET /api/channel-analyses/ HTTP/1.1" 200 3058
[2025-12-12 19:51:20,441] INFO django.server:213 "GET /api/channel-analyses/ HTTP/1.1" 200 3058
[2025-12-12 19:52:20,049] INFO django.server:213 "GET /api/channel-analyses/ HTTP/1.1" 200 3058
[2025-12-12 19:53:20,004] INFO django.server:213 "GET /api/channel-analyses/ HTTP/1.1" 200 3058
[2025-12-12 19:54:20,144] INFO django.server:213 "GET /api/channel-analyses/ HTTP/1.1" 200 3058
[2025-12-12 19:55:20,125] INFO django.server:213 "GET /api/channel-analyses/ HTTP/1.1" 200 3058
[2025-12-12 19:56:20,290] INFO django.server:213 "GET /api/channel-analyses/ HTTP/1.1" 200 3058
[2025-12-12 19:57:20,186] INFO django.server:213 "GET /api/channel-analyses/ HTTP/1.1" 200 3058
[2025-12-12 19:58:20,092] INFO django.server:213 "GET /api/channel-analyses/ HTTP/1.1" 200 3058
[2025-12-12 19:59:20,069] INFO django.server:213 "GET /api/channel-analyses/ HTTP/1.1" 200 3058
[2025-12-12 20:00:20,153] INFO django.server:213 "GET /api/channel-analyses/ HTTP/1.1" 200 3058
[2025-12-12 20:01:19,312] WARNING django.server:213 "GET /api/channel-analyses/ HTTP/1.1" 401 172
[2025-12-12 20:01:19,823] INFO django.server:213 "POST /api/auth/refresh/ HTTP/1.1" 200 244
[2025-12-12 20:01:20,217] INFO django.server:213 "GET /api/channel-analyses/ HTTP/1.1" 200 3058
[2025-12-12 20:02:20,015] INFO django.server:213 "GET /api/channel-analyses/ HTTP/1.1" 200 3058
[2025-12-12 20:03:20,278] INFO django.server:213 "GET /api/channel-analyses/ HTTP/1.1" 200 3058
[2025-12-12 20:04:20,156] INFO django.server:213 "GET /api/channel-analyses/ HTTP/1.1" 200 3058
[2025-12-12 20:05:20,046] INFO django.server:213 "GET /api/channel-analyses/ HTTP/1.1" 200 3058
[2025-12-12 20:06:20,193] INFO django.server:213 "GET /api/channel-analyses/ HTTP/1.1" 200 3058
[2025-12-12 20:07:20,090] INFO django.server:213 "GET /api/channel-analyses/ HTTP/1.1" 200 3058
[2025-12-12 20:08:20,138] INFO django.server:213 "GET /api/channel-analyses/ HTTP/1.1" 200 3058
[2025-12-12 20:09:20,051] INFO django.server:213 "GET /api/channel-analyses/ HTTP/1.1" 200 3058
[2025-12-12 20:10:20,068] INFO django.server:213 "GET /api/channel-analyses/ HTTP/1.1" 200 3058
[2025-12-12 20:11:20,356] INFO django.server:213 "GET /api/channel-analyses/ HTTP/1.1" 200 3058
[2025-12-12 20:12:19,996] INFO django.server:213 "GET /api/channel-analyses/ HTTP/1.1" 200 3058
[2025-12-12 20:13:19,981] INFO django.server:213 "GET /api/channel-analyses/ HTTP/1.1" 200 3058
[2025-12-12 20:14:20,078] INFO django.server:213 "GET /api/channel-analyses/ HTTP/1.1" 200 3058
[2025-12-12 20:15:19,991] INFO django.server:213 "GET /api/channel-analyses/ HTTP/1.1" 200 3058
[2025-12-12 20:16:20,137] INFO django.server:213 "GET /api/channel-analyses/ HTTP/1.1" 200 3058
[2025-12-12 20:17:20,046] INFO django.server:213 "GET /api/channel-analyses/ HTTP/1.1" 200 3058
[2025-12-12 20:18:20,233] INFO django.server:213 "GET /api/channel-analyses/ HTTP/1.1" 200 3058
[2025-12-12 20:19:20,087] INFO django.server:213 "GET /api/channel-analyses/ HTTP/1.1" 200 3058
[2025-12-12 20:20:20,073] INFO django.server:213 "GET /api/channel-analyses/ HTTP/1.1" 200 3058
[2025-12-12 20:21:20,178] INFO django.server:213 "GET /api/channel-analyses/ HTTP/1.1" 200 3058
[2025-12-12 20:22:20,284] INFO django.server:213 "GET /api/channel-analyses/ HTTP/1.1" 200 3058
[2025-12-12 20:23:20,065] INFO django.server:213 "GET /api/channel-analyses/ HTTP/1.1" 200 3058
[2025-12-12 20:24:20,022] INFO django.server:213 "GET /api/channel-analyses/ HTTP/1.1" 200 3058
[2025-12-12 20:25:19,964] INFO django.server:213 "GET /api/channel-analyses/ HTTP/1.1" 200 3058
[2025-12-12 20:26:20,005] INFO django.server:213 "GET /api/channel-analyses/ HTTP/1.1" 200 3058
[2025-12-12 20:27:20,012] INFO django.server:213 "GET /api/channel-analyses/ HTTP/1.1" 200 3058
[2025-12-12 20:29:22,738] ERROR django.server:213 "GET /api/channel-analyses/ HTTP/1.1" 500 228087
[2025-12-12 20:30:26,225] ERROR django.server:213 "GET /api/channel-analyses/ HTTP/1.1" 500 228087
[2025-12-12 20:31:29,676] ERROR django.server:213 "GET /api/channel-analyses/ HTTP/1.1" 500 228087
[2025-12-12 20:31:29,681] WARNING django.server:213 "GET /api/channel-analyses/ HTTP/1.1" 401 172
[2025-12-12 20:32:19,312] WARNING django.server:213 "GET /api/channel-analyses/ HTTP/1.1" 401 172
[2025-12-12 20:32:24,128] ERROR django.server:213 "POST /api/auth/refresh/ HTTP/1.1" 500 222864
[2025-12-13 16:36:23,346] INFO django.server:213 "GET /django-admin/core/post/ HTTP/1.1" 200 74924
[2025-12-13 16:36:23,953] INFO django.server:213 "GET /django-admin/jsi18n/ HTTP/1.1" 200 3342
[2025-12-13 16:36:24,456] WARNING django.server:213 "GET /favicon.ico HTTP/1.1" 404 3894
[2025-12-13 16:38:40,378] INFO django.server:213 "GET /django-admin/core/usertenantrole/ HTTP/1.1" 200 21121
[2025-12-13 16:38:40,574] INFO django.server:213 "GET /django-admin/jsi18n/ HTTP/1.1" 200 3342
[2025-12-13 16:38:50,261] INFO django.server:213 "GET /django-admin/core/usertenantrole/6/change/ HTTP/1.1" 200 21506
[2025-12-13 16:38:50,455] INFO django.server:213 "GET /django-admin/jsi18n/ HTTP/1.1" 200 3342
[2025-12-13 16:38:56,745] INFO django.server:213 "POST /django-admin/core/usertenantrole/6/change/ HTTP/1.1" 302 0
[2025-12-13 16:38:57,155] INFO django.server:213 "GET /django-admin/core/usertenantrole/ HTTP/1.1" 200 21365
[2025-12-13 16:38:57,325] INFO django.server:213 "GET /django-admin/jsi18n/ HTTP/1.1" 200 3342
[2025-12-13 16:39:07,577] INFO django.server:213 "GET /django-admin/auth/user/ HTTP/1.1" 200 22171
[2025-12-13 16:39:07,610] INFO django.server:213 "GET /static/admin/img/icon-no.svg HTTP/1.1" 304 0
[2025-12-13 16:39:07,751] INFO django.server:213 "GET /django-admin/jsi18n/ HTTP/1.1" 200 3342
[2025-12-13 16:39:15,254] INFO django.server:213 "GET /django-admin/auth/user/2/change/ HTTP/1.1" 200 48458
[2025-12-13 16:39:15,297] INFO django.server:213 "GET /static/admin/js/calendar.js HTTP/1.1" 304 0
[2025-12-13 16:39:15,298] INFO django.server:213 "GET /static/admin/js/admin/DateTimeShortcuts.js HTTP/1.1" 304 0
[2025-12-13 16:39:15,299] INFO django.server:213 "GET /static/admin/js/SelectBox.js HTTP/1.1" 304 0
[2025-12-13 16:39:15,300] INFO django.server:213 "GET /static/admin/js/SelectFilter2.js HTTP/1.1" 304 0
[2025-12-13 16:39:15,455] INFO django.server:213 "GET /django-admin/jsi18n/ HTTP/1.1" 200 3342
[2025-12-13 16:39:15,522] INFO django.server:213 "GET /static/admin/img/selector-icons.svg HTTP/1.1" 304 0
[2025-12-13 16:39:30,809] INFO django.server:213 "GET /django-admin/auth/user/2/password/ HTTP/1.1" 200 17544
[2025-12-13 16:39:30,849] INFO django.server:213 "GET /static/admin/css/unusable_password_field.css HTTP/1.1" 200 663
[2025-12-13 16:39:30,850] INFO django.server:213 "GET /static/admin/js/unusable_password_field.js HTTP/1.1" 200 1480
[2025-12-13 16:39:49,854] INFO django.server:213 "POST /django-admin/auth/user/2/password/ HTTP/1.1" 302 0
[2025-12-13 16:39:50,780] INFO django.server:213 "GET /django-admin/auth/user/2/change/ HTTP/1.1" 200 48594
[2025-12-13 16:39:50,976] INFO django.server:213 "GET /django-admin/jsi18n/ HTTP/1.1" 200 3342
[2025-12-13 16:40:45,305] INFO django.server:213 "GET /django-admin/auth/user/2/password/ HTTP/1.1" 200 17544
[2025-12-13 16:40:51,156] INFO django.server:213 "POST /django-admin/auth/user/2/password/ HTTP/1.1" 302 0
[2025-12-13 16:40:51,944] INFO django.server:213 "GET /django-admin/auth/user/2/change/ HTTP/1.1" 200 48594
[2025-12-13 16:40:52,118] INFO django.server:213 "GET /django-admin/jsi18n/ HTTP/1.1" 200 3342
[2025-12-13 18:52:59,926] INFO django.server:213 "OPTIONS /api/auth/telegram HTTP/1.1" 200 0
[2025-12-13 18:53:01,087] INFO django.server:213 "PUT /api/auth/telegram HTTP/1.1" 200 160
[2025-12-13 18:53:06,672] INFO django.server:213 "GET /api/templates/ HTTP/1.1" 200 17339
[2025-12-13 18:53:06,999] INFO django.server:213 "GET /api/templates/ HTTP/1.1" 200 17339
[2025-12-13 18:53:07,157] INFO django.server:213 "GET /api/posts/ HTTP/1.1" 200 1249
[2025-12-13 18:53:08,127] INFO django.server:213 "GET /api/posts/ HTTP/1.1" 200 1249
[2025-12-13 18:53:13,614] INFO django.server:213 "GET /api/client/info/ HTTP/1.1" 200 74
[2025-12-13 18:53:13,831] INFO django.server:213 "GET /api/posts/65/ HTTP/1.1" 200 2925
[2025-12-13 18:53:13,832] INFO django.server:213 "GET /api/client/info/ HTTP/1.1" 200 74
[2025-12-13 18:53:14,101] INFO django.server:213 "GET /api/client/info/ HTTP/1.1" 200 74
[2025-12-13 18:53:14,323] INFO django.server:213 "GET /api/posts/65/ HTTP/1.1" 200 2925
[2025-12-13 18:53:14,381] INFO django.server:213 "GET /api/client/info/ HTTP/1.1" 200 74
[2025-12-13 18:53:14,636] INFO django.server:213 "GET /api/client/info/ HTTP/1.1" 200 74
[2025-12-13 18:53:15,070] INFO django.server:213 "GET /api/posts/65/ HTTP/1.1" 200 2925
[2025-12-13 18:53:19,248] INFO django.server:213 "OPTIONS /api/posts/65/generate_image/ HTTP/1.1" 200 0
[2025-12-13 18:53:20,504] INFO django.server:213 "POST /api/posts/65/generate_image/ HTTP/1.1" 200 156
[2025-12-13 18:53:24,368] INFO django.server:213 "GET /api/posts/65/ HTTP/1.1" 200 2925
[2025-12-13 18:53:29,478] INFO django.server:81 - Broken pipe from ('127.0.0.1', 50229)
[2025-12-13 18:57:39,877] INFO django.server:213 "GET /api/client/info/ HTTP/1.1" 200 74
[2025-12-13 18:57:40,309] INFO django.server:213 "GET /api/client/info/ HTTP/1.1" 200 74
[2025-12-13 18:57:40,491] INFO django.server:213 "GET /api/posts/65/ HTTP/1.1" 200 2925
[2025-12-13 18:57:40,651] INFO django.server:213 "GET /api/client/info/ HTTP/1.1" 200 74
[2025-12-13 18:57:41,012] INFO django.server:213 "GET /api/client/info/ HTTP/1.1" 200 74
[2025-12-13 18:57:41,317] INFO django.server:213 "GET /api/posts/65/ HTTP/1.1" 200 2925
[2025-12-13 18:57:42,024] INFO django.server:213 "GET /api/client/info/ HTTP/1.1" 200 74
[2025-12-13 18:57:43,254] INFO django.server:213 "GET /api/posts/65/ HTTP/1.1" 200 2925
[2025-12-13 18:57:46,273] INFO django.server:213 "GET /api/templates/ HTTP/1.1" 200 17339
[2025-12-13 18:57:46,944] INFO django.server:213 "GET /api/templates/ HTTP/1.1" 200 17339
[2025-12-13 18:57:48,827] INFO django.server:213 "GET /api/posts/ HTTP/1.1" 200 1249
[2025-12-13 18:57:50,623] INFO django.server:213 "GET /api/posts/ HTTP/1.1" 200 1249
[2025-12-13 18:57:52,549] INFO django.server:81 - Broken pipe from ('127.0.0.1', 51505)
[2025-12-13 18:57:53,631] INFO django.server:213 "GET /api/client/info/ HTTP/1.1" 200 74
[2025-12-13 18:57:54,410] INFO django.server:213 "GET /api/client/info/ HTTP/1.1" 200 74
[2025-12-13 18:57:54,641] INFO django.server:213 "GET /api/posts/62/ HTTP/1.1" 200 2240
[2025-12-13 18:57:54,843] INFO django.server:213 "GET /api/client/info/ HTTP/1.1" 200 74
[2025-12-13 18:57:55,282] INFO django.server:213 "GET /api/client/info/ HTTP/1.1" 200 74
[2025-12-13 18:57:55,773] INFO django.server:213 "GET /api/client/info/ HTTP/1.1" 200 74
[2025-12-13 18:57:55,775] INFO django.server:213 "GET /api/posts/62/ HTTP/1.1" 200 2240
[2025-12-13 18:57:56,950] INFO django.server:213 "GET /api/posts/62/ HTTP/1.1" 200 2240
[2025-12-13 18:58:08,428] INFO django.server:213 "OPTIONS /api/posts/62/generate_image/ HTTP/1.1" 200 0
[2025-12-13 18:58:10,227] INFO django.server:213 "POST /api/posts/62/generate_image/ HTTP/1.1" 200 156
[2025-12-13 18:58:14,348] INFO django.server:213 "GET /api/posts/62/ HTTP/1.1" 200 2240
[2025-12-13 19:25:22,408] WARNING django.server:213 "POST /api/posts/62/generate_image/ HTTP/1.1" 401 172
[2025-12-13 19:25:22,411] INFO django.server:213 "OPTIONS /api/auth/refresh/ HTTP/1.1" 200 0
[2025-12-13 19:25:22,970] INFO django.server:213 "POST /api/auth/refresh/ HTTP/1.1" 200 244
[2025-12-13 19:25:23,391] INFO django.server:213 "POST /api/posts/62/generate_image/ HTTP/1.1" 200 156
[2025-12-13 19:25:26,770] INFO django.server:213 "GET /api/posts/62/ HTTP/1.1" 200 2240
[2025-12-13 19:39:51,497] INFO django.server:213 "POST /api/posts/62/generate_image/ HTTP/1.1" 200 156
[2025-12-13 19:39:55,256] INFO django.server:213 "GET /api/posts/62/ HTTP/1.1" 200 2240
[2025-12-13 19:45:38,383] INFO django.server:213 "POST /api/posts/62/generate_image/ HTTP/1.1" 200 156
[2025-12-13 19:45:42,160] INFO django.server:213 "GET /api/posts/62/ HTTP/1.1" 200 2240
[2025-12-13 19:49:43,360] INFO django.server:213 "GET /api/client/info/ HTTP/1.1" 200 74
[2025-12-13 19:49:43,511] INFO django.server:213 "GET /api/posts/62/ HTTP/1.1" 200 2240
[2025-12-13 19:49:43,612] INFO django.server:213 "GET /api/client/info/ HTTP/1.1" 200 74
[2025-12-13 19:49:43,855] INFO django.server:213 "GET /api/client/info/ HTTP/1.1" 200 74
[2025-12-13 19:49:43,906] INFO django.server:213 "GET /api/posts/62/ HTTP/1.1" 200 2240
[2025-12-13 19:49:44,084] INFO django.server:213 "GET /api/client/info/ HTTP/1.1" 200 74
[2025-12-13 19:49:44,332] INFO django.server:213 "GET /api/posts/62/ HTTP/1.1" 200 2240
[2025-12-13 19:49:44,336] INFO django.server:213 "GET /api/client/info/ HTTP/1.1" 200 74
[2025-12-13 19:49:45,821] INFO django.server:213 "POST /api/posts/62/generate_image/ HTTP/1.1" 200 156
[2025-12-13 19:49:49,591] INFO django.server:213 "GET /api/posts/62/ HTTP/1.1" 200 2240
[2025-12-13 19:51:41,025] INFO django.server:213 "POST /api/posts/62/generate_image/ HTTP/1.1" 200 156
[2025-12-13 19:51:44,838] INFO django.server:213 "GET /api/posts/62/ HTTP/1.1" 200 2240
[2025-12-13 19:56:44,113] INFO django.server:213 "GET /django-admin/core/systemsetting/ HTTP/1.1" 200 18058
[2025-12-13 20:02:13,261] WARNING django.server:213 "GET /api/client/info/ HTTP/1.1" 401 172
[2025-12-13 20:02:13,261] WARNING django.server:213 "GET /api/posts/62/ HTTP/1.1" 401 172
[2025-12-13 20:02:13,274] WARNING django.server:213 "GET /api/posts/62/ HTTP/1.1" 401 172
[2025-12-13 20:02:13,277] WARNING django.server:213 "GET /api/client/info/ HTTP/1.1" 401 172
[2025-12-13 20:02:13,278] WARNING django.server:213 "GET /api/posts/62/ HTTP/1.1" 401 172
[2025-12-13 20:02:13,280] WARNING django.server:213 "GET /api/client/info/ HTTP/1.1" 401 172
[2025-12-13 20:02:13,283] WARNING django.server:213 "GET /api/client/info/ HTTP/1.1" 401 172
[2025-12-13 20:02:13,286] WARNING django.server:213 "GET /api/client/info/ HTTP/1.1" 401 172
[2025-12-13 20:02:13,746] INFO django.server:213 "POST /api/auth/refresh/ HTTP/1.1" 200 244
[2025-12-13 20:02:14,330] INFO django.server:213 "GET /api/posts/62/ HTTP/1.1" 200 2240
[2025-12-13 20:02:14,330] INFO django.server:213 "GET /api/client/info/ HTTP/1.1" 200 74
[2025-12-13 20:02:14,540] INFO django.server:213 "GET /api/client/info/ HTTP/1.1" 200 74
[2025-12-13 20:02:14,776] INFO django.server:213 "GET /api/client/info/ HTTP/1.1" 200 74
[2025-12-13 20:02:14,900] INFO django.server:213 "GET /api/posts/62/ HTTP/1.1" 200 2240
[2025-12-13 20:02:14,987] INFO django.server:213 "GET /api/client/info/ HTTP/1.1" 200 74
[2025-12-13 20:02:15,255] INFO django.server:213 "GET /api/client/info/ HTTP/1.1" 200 74
[2025-12-13 20:02:15,329] INFO django.server:213 "GET /api/posts/62/ HTTP/1.1" 200 2240
[2025-12-13 20:02:18,402] INFO django.server:213 "POST /api/posts/62/generate_image/ HTTP/1.1" 200 152
[2025-12-13 20:02:22,123] INFO django.server:213 "GET /api/posts/62/ HTTP/1.1" 200 2240
[2025-12-13 20:03:30,621] INFO django.server:213 "GET /api/client/info/ HTTP/1.1" 200 74
[2025-12-13 20:03:30,708] INFO django.server:213 "GET /api/posts/62/ HTTP/1.1" 200 2429
[2025-12-13 20:03:30,839] INFO django.server:213 "GET /api/client/info/ HTTP/1.1" 200 74
[2025-12-13 20:03:30,850] INFO django.server:213 "GET /media/post_images/post_62_c6309291.jpg HTTP/1.1" 200 1089793
[2025-12-13 20:03:31,072] INFO django.server:213 "GET /api/client/info/ HTTP/1.1" 200 74
[2025-12-13 20:03:31,073] INFO django.server:213 "GET /api/posts/62/ HTTP/1.1" 200 2429
[2025-12-13 20:03:31,298] INFO django.server:213 "GET /api/client/info/ HTTP/1.1" 200 74
[2025-12-13 20:03:31,447] INFO django.server:213 "GET /api/posts/62/ HTTP/1.1" 200 2429
[2025-12-13 20:03:31,533] INFO django.server:213 "GET /api/client/info/ HTTP/1.1" 200 74
[2025-12-13 20:19:15,278] INFO django.server:213 "GET /api/templates/ HTTP/1.1" 200 17339
[2025-12-13 20:19:15,721] INFO django.server:213 "GET /api/posts/ HTTP/1.1" 200 1249
[2025-12-13 20:19:15,967] INFO django.server:213 "GET /api/templates/ HTTP/1.1" 200 17339
[2025-12-13 20:19:16,551] INFO django.server:213 "GET /api/posts/ HTTP/1.1" 200 1249
[2025-12-13 20:21:20,703] INFO django.server:213 "GET /api/client/info/ HTTP/1.1" 200 74
[2025-12-13 20:21:20,891] INFO django.server:213 "GET /api/posts/65/ HTTP/1.1" 200 2925
[2025-12-13 20:21:20,936] INFO django.server:213 "GET /api/client/info/ HTTP/1.1" 200 74
[2025-12-13 20:21:21,162] INFO django.server:213 "GET /api/client/info/ HTTP/1.1" 200 74
[2025-12-13 20:21:21,318] INFO django.server:213 "GET /api/posts/65/ HTTP/1.1" 200 2925
[2025-12-13 20:21:21,399] INFO django.server:213 "GET /api/client/info/ HTTP/1.1" 200 74
[2025-12-13 20:21:21,634] INFO django.server:213 "GET /api/client/info/ HTTP/1.1" 200 74
[2025-12-13 20:21:21,738] INFO django.server:213 "GET /api/posts/65/ HTTP/1.1" 200 2925
[2025-12-13 20:21:28,920] INFO django.server:213 "OPTIONS /api/posts/65/ HTTP/1.1" 200 0
[2025-12-13 20:21:29,774] INFO django.server:213 "PATCH /api/posts/65/ HTTP/1.1" 200 2928
[2025-12-13 20:21:30,251] INFO django.server:213 "GET /api/posts/65/ HTTP/1.1" 200 2928
[2025-12-13 20:21:30,420] INFO django.server:213 "GET /api/client/info/ HTTP/1.1" 200 74
[2025-12-13 20:21:30,629] INFO django.server:213 "GET /api/client/info/ HTTP/1.1" 200 74
[2025-12-13 20:21:30,679] INFO django.server:213 "GET /api/posts/65/ HTTP/1.1" 200 2928
[2025-12-13 20:21:30,855] INFO django.server:213 "GET /api/client/info/ HTTP/1.1" 200 74
[2025-12-13 20:21:31,167] INFO django.server:213 "GET /api/client/info/ HTTP/1.1" 200 74
[2025-12-13 20:21:31,219] INFO django.server:213 "GET /api/posts/65/ HTTP/1.1" 200 2928
[2025-12-13 20:21:36,638] INFO django.server:81 - Broken pipe from ('127.0.0.1', 53634)
[2025-12-13 20:21:46,716] INFO django.server:81 - Broken pipe from ('127.0.0.1', 53646)
[2025-12-13 20:24:54,353] INFO django.server:213 "GET /api/templates/ HTTP/1.1" 200 17339
[2025-12-13 20:24:54,698] INFO django.server:213 "GET /api/posts/ HTTP/1.1" 200 1252
[2025-12-13 20:24:54,990] INFO django.server:213 "GET /api/templates/ HTTP/1.1" 200 17339
[2025-12-13 20:24:55,406] INFO django.server:213 "GET /api/posts/ HTTP/1.1" 200 1252
[2025-12-13 20:36:02,329] WARNING django.server:213 "GET /api/channel-analyses/ HTTP/1.1" 401 172
[2025-12-13 20:36:02,336] WARNING django.server:213 "GET /api/channel-analyses/ HTTP/1.1" 401 172
[2025-12-13 20:36:02,805] INFO django.server:213 "POST /api/auth/refresh/ HTTP/1.1" 200 244
[2025-12-13 20:36:03,157] INFO django.server:213 "GET /api/channel-analyses/ HTTP/1.1" 200 3058
[2025-12-13 20:36:03,474] INFO django.server:213 "GET /api/channel-analyses/ HTTP/1.1" 200 3058
[2025-12-13 20:36:05,783] INFO django.server:213 "GET /api/client/info/ HTTP/1.1" 200 74
[2025-12-13 20:36:05,839] INFO django.server:213 "GET /api/client/settings/ HTTP/1.1" 200 2808
[2025-12-13 20:36:05,981] INFO django.server:213 "GET /api/client/info/ HTTP/1.1" 200 74
[2025-12-13 20:36:06,087] INFO django.server:213 "GET /api/client/settings/ HTTP/1.1" 200 2808
[2025-12-13 20:36:39,623] INFO django.server:213 "GET /api/client/info/ HTTP/1.1" 200 74
[2025-12-13 20:36:39,840] INFO django.server:213 "GET /api/client/info/ HTTP/1.1" 200 74
[2025-12-13 20:36:39,981] INFO django.server:213 "GET /api/seo-keywords/ HTTP/1.1" 200 20667
[2025-12-13 20:36:40,545] INFO django.server:213 "GET /api/seo-keywords/ HTTP/1.1" 200 20667
[2025-12-13 20:37:03,772] INFO django.server:213 "GET /api/client/info/ HTTP/1.1" 200 74
[2025-12-13 20:37:03,805] INFO django.server:213 "GET /api/client/settings/ HTTP/1.1" 200 2808
[2025-12-13 20:37:04,067] INFO django.server:213 "GET /api/client/settings/ HTTP/1.1" 200 2808
[2025-12-13 20:37:04,192] INFO django.server:213 "GET /api/client/info/ HTTP/1.1" 200 74
[2025-12-13 20:38:44,120] INFO django.server:213 "GET /api/channel-analyses/ HTTP/1.1" 200 3058
[2025-12-13 20:38:44,404] INFO django.server:213 "GET /api/channel-analyses/ HTTP/1.1" 200 3058
[2025-12-13 20:38:47,088] INFO django.server:213 "GET /api/client/info/ HTTP/1.1" 200 74
[2025-12-13 20:38:47,159] INFO django.server:213 "GET /api/client/settings/ HTTP/1.1" 200 2808
[2025-12-13 20:38:47,315] INFO django.server:213 "GET /api/client/info/ HTTP/1.1" 200 74
[2025-12-13 20:38:47,441] INFO django.server:213 "GET /api/client/settings/ HTTP/1.1" 200 2808
[2025-12-13 20:39:33,648] INFO django.server:213 "GET /api/channel-analyses/ HTTP/1.1" 200 3058
[2025-12-13 20:39:33,951] INFO django.server:213 "GET /api/channel-analyses/ HTTP/1.1" 200 3058
[2025-12-13 20:39:38,655] INFO django.server:213 "GET /api/channel-analyses/ HTTP/1.1" 200 3058
[2025-12-13 20:39:43,670] INFO django.server:213 "GET /api/channel-analyses/ HTTP/1.1" 200 3058
[2025-12-13 20:39:48,643] INFO django.server:213 "GET /api/channel-analyses/ HTTP/1.1" 200 3058
[2025-12-13 20:39:53,711] INFO django.server:213 "GET /api/channel-analyses/ HTTP/1.1" 200 3058
[2025-12-13 20:39:58,687] INFO django.server:213 "GET /api/channel-analyses/ HTTP/1.1" 200 3058
[2025-12-13 20:40:03,667] INFO django.server:213 "GET /api/channel-analyses/ HTTP/1.1" 200 3058
[2025-12-13 20:40:08,705] INFO django.server:213 "GET /api/channel-analyses/ HTTP/1.1" 200 3058
[2025-12-13 20:40:20,909] INFO django.server:213 "GET /api/client/settings/ HTTP/1.1" 200 2808
[2025-12-13 20:40:20,978] INFO django.server:213 "GET /api/channel-analyses/ HTTP/1.1" 200 3058
[2025-12-13 20:40:21,030] INFO django.server:213 "GET /api/client/info/ HTTP/1.1" 200 74
[2025-12-13 20:40:21,680] INFO django.server:213 "GET /api/client/info/ HTTP/1.1" 200 74
[2025-12-13 20:40:21,825] INFO django.server:213 "GET /api/client/settings/ HTTP/1.1" 200 2808
[2025-12-13 20:49:52,197] WARNING django.server:213 "GET /api/client/settings/ HTTP/1.1" 403 63
[2025-12-13 20:49:52,647] ERROR django.server:213 "GET /api/client/info/ HTTP/1.1" 500 174455
[2025-12-13 20:50:46,635] WARNING django.server:213 "GET /api/seo-keywords/ HTTP/1.1" 403 63
[2025-12-13 20:50:46,841] WARNING django.server:213 "GET /api/seo-keywords/ HTTP/1.1" 403 63
[2025-12-13 20:50:46,958] ERROR django.server:213 "GET /api/client/info/ HTTP/1.1" 500 174455
[2025-12-13 20:50:47,529] ERROR django.server:213 "GET /api/client/info/ HTTP/1.1" 500 174455
[2025-12-13 20:50:59,908] WARNING django.server:213 "GET /api/seo-keywords/ HTTP/1.1" 403 63
[2025-12-13 20:51:00,210] ERROR django.server:213 "GET /api/client/info/ HTTP/1.1" 500 174455
[2025-12-13 20:51:07,550] WARNING django.server:213 "GET /api/client/settings/ HTTP/1.1" 403 63
[2025-12-13 20:51:07,785] WARNING django.server:213 "GET /api/client/settings/ HTTP/1.1" 403 63
[2025-12-13 20:51:07,848] ERROR django.server:213 "GET /api/client/info/ HTTP/1.1" 500 174455
[2025-12-13 20:51:08,355] ERROR django.server:213 "GET /api/client/info/ HTTP/1.1" 500 174455
[2025-12-13 21:11:48,625] WARNING django.server:213 "GET /api/client/info/ HTTP/1.1" 401 172
[2025-12-13 21:11:48,626] WARNING django.server:213 "GET /api/client/settings/ HTTP/1.1" 401 172
[2025-12-13 21:11:48,636] WARNING django.server:213 "GET /api/client/info/ HTTP/1.1" 401 172
[2025-12-13 21:11:48,636] WARNING django.server:213 "GET /api/client/settings/ HTTP/1.1" 401 172
[2025-12-13 21:11:49,110] INFO django.server:213 "POST /api/auth/refresh/ HTTP/1.1" 200 244
[2025-12-13 21:11:49,374] INFO django.server:213 "GET /api/client/settings/ HTTP/1.1" 200 2826
[2025-12-13 21:11:49,632] INFO django.server:213 "GET /api/client/settings/ HTTP/1.1" 200 2826
[2025-12-13 21:11:49,679] INFO django.server:213 "GET /api/client/info/ HTTP/1.1" 200 74
[2025-12-13 21:11:49,877] INFO django.server:213 "GET /api/client/info/ HTTP/1.1" 200 74
[2025-12-13 21:12:00,410] INFO django.server:213 "OPTIONS /api/client/expert-books/ HTTP/1.1" 200 0
[2025-12-13 21:12:39,750] INFO django.server:213 "POST /api/client/expert-books/ HTTP/1.1" 200 12526
[2025-12-13 21:13:40,692] INFO django.server:213 "GET /api/templates/ HTTP/1.1" 200 17339
[2025-12-13 21:13:41,049] INFO django.server:213 "GET /api/posts/ HTTP/1.1" 200 1252
[2025-12-13 21:13:41,331] INFO django.server:213 "GET /api/templates/ HTTP/1.1" 200 17339
[2025-12-13 21:13:41,719] INFO django.server:213 "GET /api/posts/ HTTP/1.1" 200 1252
[2025-12-13 21:14:28,582] INFO django.server:213 "GET /django-admin/core/contenttemplate/ HTTP/1.1" 200 25683
[2025-12-13 21:14:28,841] INFO django.server:213 "GET /django-admin/jsi18n/ HTTP/1.1" 200 3342
[2025-12-13 21:14:32,721] INFO django.server:213 "GET /django-admin/core/contenttemplate/6/change/ HTTP/1.1" 200 37914
[2025-12-13 21:14:32,779] INFO django.server:213 "GET /static/admin/css/autocomplete.css HTTP/1.1" 304 0
[2025-12-13 21:14:32,780] INFO django.server:213 "GET /static/admin/css/vendor/select2/select2.css HTTP/1.1" 304 0
[2025-12-13 21:14:32,783] INFO django.server:213 "GET /static/admin/js/vendor/select2/select2.full.js HTTP/1.1" 304 0
[2025-12-13 21:14:32,783] INFO django.server:213 "GET /static/admin/js/vendor/select2/i18n/en.js HTTP/1.1" 304 0
[2025-12-13 21:14:32,783] INFO django.server:213 "GET /static/admin/js/autocomplete.js HTTP/1.1" 304 0
[2025-12-13 21:14:32,948] INFO django.server:213 "GET /django-admin/jsi18n/ HTTP/1.1" 200 3342
[2025-12-13 21:15:04,547] INFO django.server:213 "GET /django-admin/core/posttype/ HTTP/1.1" 200 24117
[2025-12-13 21:15:04,765] INFO django.server:213 "GET /django-admin/jsi18n/ HTTP/1.1" 200 3342
[2025-12-13 21:15:14,745] INFO django.server:213 "GET /django-admin/core/posttype/5/change/ HTTP/1.1" 200 23289
[2025-12-13 21:15:14,931] INFO django.server:213 "GET /django-admin/jsi18n/ HTTP/1.1" 200 3342
[2025-12-13 21:15:30,438] INFO django.server:213 "POST /django-admin/core/posttype/5/change/ HTTP/1.1" 302 0
[2025-12-13 21:15:30,888] INFO django.server:213 "GET /django-admin/core/posttype/ HTTP/1.1" 200 24350
[2025-12-13 21:15:31,117] INFO django.server:213 "GET /django-admin/jsi18n/ HTTP/1.1" 200 3342
[2025-12-13 21:15:57,282] INFO django.server:213 "GET /django-admin/core/posttype/2/change/ HTTP/1.1" 200 23346
[2025-12-13 21:15:57,468] INFO django.server:213 "GET /django-admin/jsi18n/ HTTP/1.1" 200 3342
[2025-12-13 21:16:11,440] INFO django.server:213 "GET /django-admin/core/contenttemplate/ HTTP/1.1" 200 25683
[2025-12-13 21:16:12,001] INFO django.server:213 "GET /django-admin/jsi18n/ HTTP/1.1" 200 3342
[2025-12-13 21:16:28,146] INFO django.server:213 "GET /django-admin/core/contenttemplate/6/change/ HTTP/1.1" 200 37914
[2025-12-13 21:16:28,353] INFO django.server:213 "GET /django-admin/jsi18n/ HTTP/1.1" 200 3342
[2025-12-13 21:33:41,188] INFO django.server:213 "POST /django-admin/core/contenttemplate/6/change/ HTTP/1.1" 302 0
[2025-12-13 21:33:41,766] INFO django.server:213 "GET /django-admin/core/contenttemplate/6/change/ HTTP/1.1" 200 40734
[2025-12-13 21:33:42,532] INFO django.server:213 "GET /django-admin/jsi18n/ HTTP/1.1" 200 3342
[2025-12-13 21:37:34,969] INFO django.server:213 "POST /django-admin/core/contenttemplate/6/change/ HTTP/1.1" 302 0
[2025-12-13 21:37:35,740] INFO django.server:213 "GET /django-admin/core/contenttemplate/6/change/ HTTP/1.1" 200 40686
[2025-12-13 21:37:35,937] INFO django.server:213 "GET /django-admin/jsi18n/ HTTP/1.1" 200 3342
[2025-12-13 21:38:03,460] INFO django.server:213 "POST /django-admin/core/contenttemplate/6/change/ HTTP/1.1" 302 0
[2025-12-13 21:38:04,020] INFO django.server:213 "GET /django-admin/core/contenttemplate/6/change/ HTTP/1.1" 200 40686
[2025-12-13 21:38:04,227] INFO django.server:213 "GET /django-admin/jsi18n/ HTTP/1.1" 200 3342
[2025-12-13 21:39:04,818] INFO django.server:213 "GET /django-admin/core/client/ HTTP/1.1" 200 21520
[2025-12-13 21:39:05,049] INFO django.server:213 "GET /django-admin/jsi18n/ HTTP/1.1" 200 3342
[2025-12-13 21:39:23,986] INFO django.server:213 "GET /django-admin/core/client/5/change/ HTTP/1.1" 200 58217
[2025-12-13 21:39:24,190] INFO django.server:213 "GET /django-admin/jsi18n/ HTTP/1.1" 200 3342
[2025-12-13 21:40:37,538] INFO django.server:213 "GET /api/client/info/ HTTP/1.1" 200 74
[2025-12-13 21:40:37,571] INFO django.server:213 "GET /api/client/settings/ HTTP/1.1" 200 2826
[2025-12-13 21:40:37,745] INFO django.server:213 "GET /api/client/info/ HTTP/1.1" 200 74
[2025-12-13 21:40:37,813] INFO django.server:213 "GET /api/client/settings/ HTTP/1.1" 200 2826
[2025-12-13 22:22:04,741] WARNING django.server:213 "POST /api/client/expert-books/ HTTP/1.1" 401 58
[2025-12-13 22:22:04,761] INFO django.server:213 "OPTIONS /api/auth/refresh/ HTTP/1.1" 200 0
[2025-12-13 22:22:05,303] INFO django.server:213 "POST /api/auth/refresh/ HTTP/1.1" 200 244
[2025-12-13 22:22:42,576] INFO django.server:213 "POST /api/client/expert-books/ HTTP/1.1" 200 11836
[2025-12-13 22:23:01,831] INFO django.server:213 "GET /api/client/info/ HTTP/1.1" 200 74
[2025-12-13 22:23:01,886] INFO django.server:213 "GET /api/client/settings/ HTTP/1.1" 200 2826
[2025-12-13 22:26:11,264] INFO django.server:213 "POST /api/seo-keywords/generate/ HTTP/1.1" 200 160
[2025-12-13 22:26:31,876] INFO django.server:213 "GET /api/client/info/ HTTP/1.1" 200 74
[2025-12-13 22:26:32,076] INFO django.server:213 "GET /api/client/info/ HTTP/1.1" 200 74
[2025-12-13 22:26:32,410] INFO django.server:213 "GET /api/seo-keywords/ HTTP/1.1" 200 21858
[2025-12-13 22:28:21,961] INFO django.server:213 "GET /api/client/info/ HTTP/1.1" 200 74
[2025-12-13 22:28:22,522] INFO django.server:213 "GET /api/seo-keywords/ HTTP/1.1" 200 40681
[2025-12-13 22:29:15,297] INFO django.server:213 "GET /api/templates/ HTTP/1.1" 200 19941
[2025-12-13 22:29:15,678] INFO django.server:213 "GET /api/posts/ HTTP/1.1" 200 1252
[2025-12-13 22:29:15,955] INFO django.server:213 "GET /api/templates/ HTTP/1.1" 200 19941
[2025-12-13 22:29:16,350] INFO django.server:213 "GET /api/posts/ HTTP/1.1" 200 1252
[2025-12-13 22:29:22,296] INFO django.server:213 "OPTIONS /api/posts/plan-weekly/ HTTP/1.1" 200 0
[2025-12-13 22:29:23,022] INFO django.server:213 "POST /api/posts/plan-weekly/ HTTP/1.1" 200 182
[2025-12-13 22:29:23,662] INFO django.server:213 "GET /api/posts/ HTTP/1.1" 200 1252
[2025-12-13 22:29:29,093] INFO django.server:213 "GET /api/posts/ HTTP/1.1" 200 1252
[2025-12-13 22:29:34,109] INFO django.server:213 "GET /api/posts/ HTTP/1.1" 200 1252
[2025-12-13 22:29:39,128] INFO django.server:213 "GET /api/posts/ HTTP/1.1" 200 1528
[2025-12-13 22:29:39,881] INFO django.server:213 "GET /api/posts/ HTTP/1.1" 200 1528
[2025-12-13 22:29:45,243] INFO django.server:81 - Broken pipe from ('127.0.0.1', 58137)
[2025-12-13 22:29:46,451] INFO django.server:213 "GET /api/client/info/ HTTP/1.1" 200 74
[2025-12-13 22:29:46,457] INFO django.server:213 "GET /api/schedules/?post=67 HTTP/1.1" 200 2
[2025-12-13 22:29:46,638] INFO django.server:213 "GET /api/client/info/ HTTP/1.1" 200 74
[2025-12-13 22:29:46,655] INFO django.server:213 "GET /api/schedules/?post=67 HTTP/1.1" 200 2
[2025-12-13 22:29:46,655] INFO django.server:213 "GET /api/posts/67/ HTTP/1.1" 200 3677
[2025-12-13 22:29:46,827] INFO django.server:213 "GET /api/client/info/ HTTP/1.1" 200 74
[2025-12-13 22:29:47,027] INFO django.server:213 "GET /api/client/info/ HTTP/1.1" 200 74
[2025-12-13 22:29:47,074] INFO django.server:213 "GET /api/posts/67/ HTTP/1.1" 200 3677
[2025-12-13 22:29:47,215] INFO django.server:213 "GET /api/client/info/ HTTP/1.1" 200 74
[2025-12-13 22:29:47,474] INFO django.server:213 "GET /api/posts/67/ HTTP/1.1" 200 3677
[2025-12-13 22:31:11,361] INFO django.server:213 "GET /api/templates/ HTTP/1.1" 200 19941
[2025-12-13 22:31:11,642] INFO django.server:213 "GET /api/templates/ HTTP/1.1" 200 19941
[2025-12-13 22:31:11,917] INFO django.server:213 "GET /api/posts/ HTTP/1.1" 200 1796
[2025-12-13 22:31:12,762] INFO django.server:213 "GET /api/posts/ HTTP/1.1" 200 1796
[2025-12-13 22:31:17,785] INFO django.server:213 "GET /api/client/info/ HTTP/1.1" 200 74
[2025-12-13 22:31:17,785] INFO django.server:213 "GET /api/schedules/?post=68 HTTP/1.1" 200 2
[2025-12-13 22:31:17,972] INFO django.server:213 "GET /api/client/info/ HTTP/1.1" 200 74
[2025-12-13 22:31:17,972] INFO django.server:213 "GET /api/schedules/?post=68 HTTP/1.1" 200 2
[2025-12-13 22:31:18,059] INFO django.server:213 "GET /api/posts/68/ HTTP/1.1" 200 4144
[2025-12-13 22:31:18,164] INFO django.server:213 "GET /api/client/info/ HTTP/1.1" 200 74
[2025-12-13 22:31:18,360] INFO django.server:213 "GET /api/client/info/ HTTP/1.1" 200 74
[2025-12-13 22:31:18,461] INFO django.server:213 "GET /api/posts/68/ HTTP/1.1" 200 4144
[2025-12-13 22:31:18,562] INFO django.server:213 "GET /api/client/info/ HTTP/1.1" 200 74
[2025-12-13 22:31:18,880] INFO django.server:213 "GET /api/posts/68/ HTTP/1.1" 200 4144
[2025-12-13 22:32:44,120] INFO django.server:213 "GET /api/client/info/ HTTP/1.1" 200 74
[2025-12-13 22:32:44,174] INFO django.server:213 "GET /api/client/settings/ HTTP/1.1" 200 2826
[2025-12-13 22:32:44,326] INFO django.server:213 "GET /api/client/info/ HTTP/1.1" 200 74
[2025-12-13 22:32:44,426] INFO django.server:213 "GET /api/client/settings/ HTTP/1.1" 200 2826
[2025-12-13 22:33:39,544] INFO django.server:213 "POST /api/client/expert-books/ HTTP/1.1" 200 11459
[2025-12-13 22:33:50,381] INFO django.server:213 "GET /api/client/info/ HTTP/1.1" 200 74
[2025-12-13 22:33:50,434] INFO django.server:213 "GET /api/client/settings/ HTTP/1.1" 200 6453
[2025-12-13 22:33:59,445] INFO django.server:213 "GET /api/templates/ HTTP/1.1" 200 19941
[2025-12-13 22:33:59,724] INFO django.server:213 "GET /api/templates/ HTTP/1.1" 200 19941
[2025-12-13 22:34:00,011] INFO django.server:213 "GET /api/posts/ HTTP/1.1" 200 1796
[2025-12-13 22:34:00,885] INFO django.server:213 "GET /api/posts/ HTTP/1.1" 200 1796
[2025-12-13 22:34:13,621] INFO django.server:213 "POST /api/posts/plan-weekly/ HTTP/1.1" 200 168
[2025-12-13 22:34:14,526] INFO django.server:213 "GET /api/posts/ HTTP/1.1" 200 1796
[2025-12-13 22:34:19,952] INFO django.server:213 "GET /api/posts/ HTTP/1.1" 200 1796
[2025-12-13 22:34:22,262] INFO django.server:213 "POST /api/posts/plan-weekly/ HTTP/1.1" 200 182
[2025-12-13 22:34:23,167] INFO django.server:213 "GET /api/posts/ HTTP/1.1" 200 1796
[2025-12-13 22:34:28,601] INFO django.server:213 "GET /api/posts/ HTTP/1.1" 200 1796
[2025-12-13 22:34:33,593] INFO django.server:213 "GET /api/posts/ HTTP/1.1" 200 1796
[2025-12-13 22:34:38,502] INFO django.server:213 "GET /api/posts/ HTTP/1.1" 200 1796
[2025-12-13 22:34:43,749] INFO django.server:213 "GET /api/posts/ HTTP/1.1" 200 2241
[2025-12-13 22:35:37,169] INFO django.server:213 "GET /api/client/info/ HTTP/1.1" 200 74
[2025-12-13 22:35:37,172] INFO django.server:213 "GET /api/schedules/?post=69 HTTP/1.1" 200 2
[2025-12-13 22:35:37,359] INFO django.server:213 "GET /api/client/info/ HTTP/1.1" 200 74
[2025-12-13 22:35:37,365] INFO django.server:213 "GET /api/schedules/?post=69 HTTP/1.1" 200 2
[2025-12-13 22:35:37,401] INFO django.server:213 "GET /api/posts/69/ HTTP/1.1" 200 3304
[2025-12-13 22:35:37,550] INFO django.server:213 "GET /api/client/info/ HTTP/1.1" 200 74
[2025-12-13 22:35:37,750] INFO django.server:213 "GET /api/client/info/ HTTP/1.1" 200 74
[2025-12-13 22:35:37,814] INFO django.server:213 "GET /api/posts/69/ HTTP/1.1" 200 3304
[2025-12-13 22:35:37,935] INFO django.server:213 "GET /api/client/info/ HTTP/1.1" 200 74
[2025-12-13 22:35:38,239] INFO django.server:213 "GET /api/posts/69/ HTTP/1.1" 200 3304
[2025-12-13 22:36:39,025] INFO django.server:213 "POST /api/posts/69/regenerate_text/ HTTP/1.1" 200 103
[2025-12-13 22:36:42,801] INFO django.server:213 "GET /api/posts/69/ HTTP/1.1" 200 3304
[2025-12-13 22:41:29,066] INFO django.server:213 "GET /api/client/info/ HTTP/1.1" 200 74
[2025-12-13 22:41:29,254] INFO django.server:213 "GET /api/client/info/ HTTP/1.1" 200 74
[2025-12-13 22:41:29,683] INFO django.server:213 "GET /api/seo-keywords/ HTTP/1.1" 200 40681
[2025-12-13 22:41:30,476] INFO django.server:213 "GET /api/seo-keywords/ HTTP/1.1" 200 40681
[2025-12-13 22:42:52,375] INFO django.server:213 "GET /api/templates/ HTTP/1.1" 200 19941
[2025-12-13 22:42:52,658] INFO django.server:213 "GET /api/templates/ HTTP/1.1" 200 19941
[2025-12-13 22:42:53,211] INFO django.server:213 "GET /api/posts/ HTTP/1.1" 200 2241
[2025-12-13 22:42:54,319] INFO django.server:213 "GET /api/posts/ HTTP/1.1" 200 2241
[2025-12-13 22:46:38,775] INFO django.server:213 "GET /api/client/info/ HTTP/1.1" 200 74
[2025-12-13 22:46:38,985] INFO django.server:213 "GET /api/client/info/ HTTP/1.1" 200 74
[2025-12-13 22:46:39,428] INFO django.server:213 "GET /api/seo-keywords/ HTTP/1.1" 200 40681
[2025-12-13 22:46:40,276] INFO django.server:213 "GET /api/seo-keywords/ HTTP/1.1" 200 40681
[2025-12-13 23:01:29,262] WARNING django.server:213 "GET /api/templates/ HTTP/1.1" 401 172
[2025-12-13 23:01:29,262] WARNING django.server:213 "GET /api/posts/ HTTP/1.1" 401 172
[2025-12-13 23:01:29,269] WARNING django.server:213 "GET /api/posts/ HTTP/1.1" 401 172
[2025-12-13 23:01:29,269] WARNING django.server:213 "GET /api/templates/ HTTP/1.1" 401 172
[2025-12-13 23:01:29,759] INFO django.server:213 "POST /api/auth/refresh/ HTTP/1.1" 200 244
[2025-12-13 23:01:30,053] INFO django.server:213 "GET /api/templates/ HTTP/1.1" 200 19941
[2025-12-13 23:01:30,629] INFO django.server:213 "GET /api/templates/ HTTP/1.1" 200 19941
[2025-12-13 23:01:31,128] INFO django.server:213 "GET /api/posts/ HTTP/1.1" 200 2241
[2025-12-13 23:01:32,200] INFO django.server:213 "GET /api/posts/ HTTP/1.1" 200 2241
[2025-12-13 23:01:36,610] INFO django.server:213 "GET /api/schedules/?post=69 HTTP/1.1" 200 2
[2025-12-13 23:01:36,642] INFO django.server:213 "GET /api/client/info/ HTTP/1.1" 200 74
[2025-12-13 23:01:36,799] INFO django.server:213 "GET /api/posts/69/ HTTP/1.1" 200 3304
[2025-12-13 23:01:36,806] INFO django.server:213 "GET /api/schedules/?post=69 HTTP/1.1" 200 2
[2025-12-13 23:01:36,855] INFO django.server:213 "GET /api/client/info/ HTTP/1.1" 200 74
[2025-12-13 23:01:37,068] INFO django.server:213 "GET /api/client/info/ HTTP/1.1" 200 74
[2025-12-13 23:01:37,181] INFO django.server:213 "GET /api/posts/69/ HTTP/1.1" 200 3304
[2025-12-13 23:01:37,288] INFO django.server:213 "GET /api/client/info/ HTTP/1.1" 200 74
[2025-12-13 23:01:37,509] INFO django.server:213 "GET /api/client/info/ HTTP/1.1" 200 74
[2025-12-13 23:01:37,597] INFO django.server:213 "GET /api/posts/69/ HTTP/1.1" 200 3304
[2025-12-13 23:01:43,625] INFO django.server:213 "POST /api/posts/69/regenerate_text/ HTTP/1.1" 200 103
[2025-12-13 23:01:47,680] INFO django.server:213 "GET /api/posts/69/ HTTP/1.1" 200 3304
[2025-12-13 23:02:20,871] INFO django.server:213 "GET /api/client/info/ HTTP/1.1" 200 74
[2025-12-13 23:02:20,910] INFO django.server:213 "GET /api/schedules/?post=69 HTTP/1.1" 200 2
[2025-12-13 23:02:21,056] INFO django.server:213 "GET /api/client/info/ HTTP/1.1" 200 74
[2025-12-13 23:02:21,066] INFO django.server:213 "GET /api/posts/69/ HTTP/1.1" 200 3304
[2025-12-13 23:02:21,117] INFO django.server:213 "GET /api/schedules/?post=69 HTTP/1.1" 200 2
[2025-12-13 23:02:21,247] INFO django.server:213 "GET /api/client/info/ HTTP/1.1" 200 74
[2025-12-13 23:02:21,444] INFO django.server:213 "GET /api/client/info/ HTTP/1.1" 200 74
[2025-12-13 23:02:21,457] INFO django.server:213 "GET /api/posts/69/ HTTP/1.1" 200 3304
[2025-12-13 23:02:21,640] INFO django.server:213 "GET /api/client/info/ HTTP/1.1" 200 74
[2025-12-13 23:02:21,853] INFO django.server:213 "GET /api/posts/69/ HTTP/1.1" 200 3304
[2025-12-13 23:02:24,212] INFO django.server:213 "POST /api/posts/69/regenerate_text/ HTTP/1.1" 200 103
[2025-12-13 23:02:27,983] INFO django.server:213 "GET /api/posts/69/ HTTP/1.1" 200 3304
[2025-12-13 23:03:19,970] INFO django.server:213 "GET /api/schedules/?post=69 HTTP/1.1" 200 2
[2025-12-13 23:03:19,971] INFO django.server:213 "GET /api/client/info/ HTTP/1.1" 200 74
[2025-12-13 23:03:20,165] INFO django.server:213 "GET /api/client/info/ HTTP/1.1" 200 74
[2025-12-13 23:03:20,165] INFO django.server:213 "GET /api/schedules/?post=69 HTTP/1.1" 200 2
[2025-12-13 23:03:20,228] INFO django.server:213 "GET /api/posts/69/ HTTP/1.1" 200 3917
[2025-12-13 23:03:20,443] INFO django.server:213 "GET /api/client/info/ HTTP/1.1" 200 74
[2025-12-13 23:03:20,634] INFO django.server:213 "GET /api/client/info/ HTTP/1.1" 200 74
[2025-12-13 23:03:20,678] INFO django.server:213 "GET /api/posts/69/ HTTP/1.1" 200 3917
[2025-12-13 23:03:20,833] INFO django.server:213 "GET /api/client/info/ HTTP/1.1" 200 74
[2025-12-13 23:03:21,110] INFO django.server:213 "GET /api/posts/69/ HTTP/1.1" 200 3917
[2025-12-13 23:04:26,686] INFO django.server:213 "GET /api/social-accounts/ HTTP/1.1" 200 2
[2025-12-13 23:04:39,260] INFO django.server:213 "GET /api/client/info/ HTTP/1.1" 200 74
[2025-12-13 23:04:39,327] INFO django.server:213 "GET /api/client/settings/ HTTP/1.1" 200 6453
[2025-12-13 23:04:39,470] INFO django.server:213 "GET /api/client/info/ HTTP/1.1" 200 74
[2025-12-13 23:04:39,595] INFO django.server:213 "GET /api/client/settings/ HTTP/1.1" 200 6453
[2025-12-13 23:04:40,644] INFO django.server:213 "GET /api/client/info/ HTTP/1.1" 200 74
[2025-12-13 23:04:40,764] WARNING django.server:213 "GET /api/vk/integrations/ HTTP/1.1" 404 36148
[2025-12-13 23:04:40,853] INFO django.server:213 "GET /api/client/info/ HTTP/1.1" 200 74
[2025-12-13 23:04:41,016] WARNING django.server:213 "GET /api/vk/integrations/ HTTP/1.1" 404 36148
[2025-12-13 23:04:41,048] INFO django.server:213 "GET /api/client/info/ HTTP/1.1" 200 74
[2025-12-13 23:04:41,062] INFO django.server:213 "GET /api/social-accounts/ HTTP/1.1" 200 2
[2025-12-13 23:04:41,243] INFO django.server:213 "GET /api/client/info/ HTTP/1.1" 200 74
[2025-12-13 23:04:41,342] INFO django.server:213 "GET /api/social-accounts/ HTTP/1.1" 200 2
[2025-12-13 23:05:09,069] INFO django.server:213 "GET /django-admin/core/usertenantrole/ HTTP/1.1" 200 21127
[2025-12-13 23:05:09,117] INFO django.server:213 "GET /static/admin/css/base.css HTTP/1.1" 304 0
[2025-12-13 23:05:09,137] INFO django.server:213 "GET /static/admin/js/theme.js HTTP/1.1" 304 0
[2025-12-13 23:05:09,137] INFO django.server:213 "GET /static/admin/css/nav_sidebar.css HTTP/1.1" 304 0
[2025-12-13 23:05:09,139] INFO django.server:213 "GET /static/admin/css/dark_mode.css HTTP/1.1" 304 0
[2025-12-13 23:05:09,142] INFO django.server:213 "GET /static/admin/css/changelists.css HTTP/1.1" 304 0
[2025-12-13 23:05:09,143] INFO django.server:213 "GET /static/admin/js/urlify.js HTTP/1.1" 304 0
[2025-12-13 23:05:09,144] INFO django.server:213 "GET /static/admin/js/jquery.init.js HTTP/1.1" 304 0
[2025-12-13 23:05:09,146] INFO django.server:213 "GET /static/admin/css/responsive.css HTTP/1.1" 304 0
[2025-12-13 23:05:09,146] INFO django.server:213 "GET /static/admin/js/vendor/jquery/jquery.js HTTP/1.1" 304 0
[2025-12-13 23:05:09,147] INFO django.server:213 "GET /static/admin/js/actions.js HTTP/1.1" 304 0
[2025-12-13 23:05:09,150] INFO django.server:213 "GET /static/admin/js/core.js HTTP/1.1" 304 0
[2025-12-13 23:05:09,152] INFO django.server:213 "GET /static/admin/js/prepopulate.js HTTP/1.1" 304 0
[2025-12-13 23:05:09,153] INFO django.server:213 "GET /static/admin/js/admin/RelatedObjectLookups.js HTTP/1.1" 304 0
[2025-12-13 23:05:09,154] INFO django.server:213 "GET /static/admin/js/vendor/xregexp/xregexp.js HTTP/1.1" 304 0
[2025-12-13 23:05:09,158] INFO django.server:213 "GET /static/admin/img/search.svg HTTP/1.1" 304 0
[2025-12-13 23:05:09,368] INFO django.server:213 "GET /static/admin/js/nav_sidebar.js HTTP/1.1" 304 0
[2025-12-13 23:05:09,408] INFO django.server:213 "GET /static/admin/js/filters.js HTTP/1.1" 304 0
[2025-12-13 23:05:09,638] INFO django.server:213 "GET /django-admin/jsi18n/ HTTP/1.1" 200 3342
[2025-12-13 23:05:09,668] INFO django.server:213 "GET /static/admin/img/tooltag-add.svg HTTP/1.1" 304 0
[2025-12-13 23:08:08,829] INFO django.server:213 "GET /api/client/info/ HTTP/1.1" 200 74
[2025-12-13 23:08:08,887] INFO django.server:213 "GET /api/client/settings/ HTTP/1.1" 200 6453
[2025-12-13 23:08:13,243] INFO django.server:213 "GET /api/client/info/ HTTP/1.1" 200 74
[2025-12-13 23:08:13,317] WARNING django.server:213 "GET /api/vk/integrations/ HTTP/1.1" 404 36148
[2025-12-13 23:08:13,353] INFO django.server:213 "GET /api/social-accounts/ HTTP/1.1" 200 2
[2025-12-13 23:08:13,438] INFO django.server:213 "GET /api/client/info/ HTTP/1.1" 200 74
[2025-12-13 23:08:13,641] INFO django.server:213 "GET /api/client/info/ HTTP/1.1" 200 74
[2025-12-13 23:08:13,653] INFO django.server:213 "GET /api/social-accounts/ HTTP/1.1" 200 2
[2025-12-13 23:08:13,846] INFO django.server:213 "GET /api/client/info/ HTTP/1.1" 200 74
[2025-12-13 23:08:13,927] WARNING django.server:213 "GET /api/vk/integrations/ HTTP/1.1" 404 36148
[2025-12-13 23:09:19,667] INFO django.server:213 "GET /api/client/info/ HTTP/1.1" 200 74
[2025-12-13 23:09:19,787] INFO django.server:213 "GET /api/client/settings/ HTTP/1.1" 200 6453
[2025-12-13 23:09:19,859] INFO django.server:213 "GET /api/client/info/ HTTP/1.1" 200 74
[2025-12-13 23:09:20,066] INFO django.server:213 "GET /api/client/settings/ HTTP/1.1" 200 6453
[2025-12-13 23:09:38,429] INFO django.server:213 "GET /api/client/info/ HTTP/1.1" 200 74
[2025-12-13 23:09:38,478] WARNING django.server:213 "GET /api/vk/integrations/ HTTP/1.1" 404 36148
[2025-12-13 23:09:38,528] INFO django.server:213 "GET /api/social-accounts/ HTTP/1.1" 200 2
[2025-12-13 23:09:38,648] INFO django.server:213 "GET /api/client/info/ HTTP/1.1" 200 74
[2025-12-13 23:09:38,740] WARNING django.server:213 "GET /api/vk/integrations/ HTTP/1.1" 404 36148
[2025-12-13 23:09:38,840] INFO django.server:213 "GET /api/social-accounts/ HTTP/1.1" 200 2
[2025-12-13 23:09:38,849] INFO django.server:213 "GET /api/client/info/ HTTP/1.1" 200 74
[2025-12-13 23:09:39,062] INFO django.server:213 "GET /api/client/info/ HTTP/1.1" 200 74
[2025-12-13 23:10:01,551] INFO django.server:213 "GET /api/templates/ HTTP/1.1" 200 19941
[2025-12-13 23:10:01,814] INFO django.server:213 "GET /api/templates/ HTTP/1.1" 200 19941
[2025-12-13 23:10:02,349] INFO django.server:213 "GET /api/posts/ HTTP/1.1" 200 2297
[2025-12-13 23:10:03,432] INFO django.server:213 "GET /api/posts/ HTTP/1.1" 200 2297
[2025-12-13 23:10:08,338] INFO django.server:213 "POST /api/posts/plan-weekly/ HTTP/1.1" 200 182
[2025-12-13 23:10:09,398] INFO django.server:213 "GET /api/posts/ HTTP/1.1" 200 2297
[2025-12-13 23:10:15,813] INFO django.server:213 "GET /api/posts/ HTTP/1.1" 200 2297
[2025-12-13 23:10:19,908] INFO django.server:213 "GET /api/posts/ HTTP/1.1" 200 2297
[2025-12-13 23:10:24,936] INFO django.server:213 "GET /api/posts/ HTTP/1.1" 200 2536
[2025-12-13 23:10:29,820] INFO django.server:213 "GET /api/client/info/ HTTP/1.1" 200 74
[2025-12-13 23:10:29,830] INFO django.server:213 "GET /api/schedules/?post=71 HTTP/1.1" 200 2
[2025-12-13 23:10:30,026] INFO django.server:213 "GET /api/client/info/ HTTP/1.1" 200 74
[2025-12-13 23:10:30,027] INFO django.server:213 "GET /api/posts/71/ HTTP/1.1" 200 1900
[2025-12-13 23:10:30,036] INFO django.server:213 "GET /api/schedules/?post=71 HTTP/1.1" 200 2
[2025-12-13 23:10:30,231] INFO django.server:213 "GET /api/client/info/ HTTP/1.1" 200 74
[2025-12-13 23:10:30,430] INFO django.server:213 "GET /api/client/info/ HTTP/1.1" 200 74
[2025-12-13 23:10:30,430] INFO django.server:213 "GET /api/posts/71/ HTTP/1.1" 200 1900
[2025-12-13 23:10:30,624] INFO django.server:213 "GET /api/client/info/ HTTP/1.1" 200 74
[2025-12-13 23:10:30,830] INFO django.server:213 "GET /api/posts/71/ HTTP/1.1" 200 1900
[2025-12-13 23:11:02,178] INFO django.server:213 "GET /django-admin/core/contenttemplate/ HTTP/1.1" 200 25683
[2025-12-13 23:11:02,231] INFO django.server:213 "GET /static/admin/img/icon-yes.svg HTTP/1.1" 304 0
[2025-12-13 23:11:02,366] INFO django.server:213 "GET /django-admin/jsi18n/ HTTP/1.1" 200 3342
[2025-12-13 23:11:04,514] INFO django.server:213 "GET /django-admin/core/contenttemplate/5/change/ HTTP/1.1" 200 37143
[2025-12-13 23:11:04,546] INFO django.server:213 "GET /static/admin/css/forms.css HTTP/1.1" 304 0
[2025-12-13 23:11:04,547] INFO django.server:213 "GET /static/admin/js/prepopulate_init.js HTTP/1.1" 304 0
[2025-12-13 23:11:04,585] INFO django.server:213 "GET /static/admin/css/widgets.css HTTP/1.1" 304 0
[2025-12-13 23:11:04,589] INFO django.server:213 "GET /static/admin/img/icon-changelink.svg HTTP/1.1" 304 0
[2025-12-13 23:11:04,608] INFO django.server:213 "GET /static/admin/js/change_form.js HTTP/1.1" 304 0
[2025-12-13 23:11:04,684] INFO django.server:213 "GET /django-admin/jsi18n/ HTTP/1.1" 200 3342
[2025-12-13 23:20:03,714] INFO django.server:213 "POST /django-admin/core/contenttemplate/5/change/ HTTP/1.1" 302 0
[2025-12-13 23:20:04,303] INFO django.server:213 "GET /django-admin/core/contenttemplate/ HTTP/1.1" 200 25939
[2025-12-13 23:20:04,538] INFO django.server:213 "GET /django-admin/jsi18n/ HTTP/1.1" 200 3342
[2025-12-13 23:20:18,581] INFO django.server:213 "POST /api/posts/71/regenerate_text/ HTTP/1.1" 200 103
[2025-12-13 23:20:22,427] INFO django.server:213 "GET /api/posts/71/ HTTP/1.1" 200 1900
[2025-12-13 23:22:44,200] INFO django.server:213 "POST /api/posts/71/regenerate_text/ HTTP/1.1" 200 103
[2025-12-13 23:22:47,932] INFO django.server:213 "GET /api/posts/71/ HTTP/1.1" 200 1900
[2025-12-13 23:24:21,551] INFO django.server:213 "GET /api/client/info/ HTTP/1.1" 200 74
[2025-12-13 23:24:21,568] INFO django.server:213 "GET /api/schedules/?post=71 HTTP/1.1" 200 2
[2025-12-13 23:24:21,759] INFO django.server:213 "GET /api/client/info/ HTTP/1.1" 200 74
[2025-12-13 23:24:21,772] INFO django.server:213 "GET /api/schedules/?post=71 HTTP/1.1" 200 2
[2025-12-13 23:24:21,773] INFO django.server:213 "GET /api/posts/71/ HTTP/1.1" 200 1885
[2025-12-13 23:24:21,957] INFO django.server:213 "GET /api/client/info/ HTTP/1.1" 200 74
[2025-12-13 23:24:22,148] INFO django.server:213 "GET /api/client/info/ HTTP/1.1" 200 74
[2025-12-13 23:24:22,167] INFO django.server:213 "GET /api/posts/71/ HTTP/1.1" 200 1885
[2025-12-13 23:24:22,332] INFO django.server:213 "GET /api/client/info/ HTTP/1.1" 200 74
[2025-12-13 23:24:22,575] INFO django.server:213 "GET /api/posts/71/ HTTP/1.1" 200 1885
[2025-12-13 23:25:13,506] INFO django.server:213 "GET /api/client/info/ HTTP/1.1" 200 74
[2025-12-13 23:25:13,562] INFO django.server:213 "GET /api/client/settings/ HTTP/1.1" 200 6453
[2025-12-13 23:25:13,702] INFO django.server:213 "GET /api/client/info/ HTTP/1.1" 200 74
[2025-12-13 23:25:14,174] INFO django.server:213 "GET /api/client/settings/ HTTP/1.1" 200 6453
[2025-12-13 23:25:34,245] INFO django.server:213 "GET /api/client/info/ HTTP/1.1" 200 74
[2025-12-13 23:25:34,312] INFO django.server:213 "GET /api/social-accounts/ HTTP/1.1" 200 2
[2025-12-13 23:25:34,320] WARNING django.server:213 "GET /api/vk/integrations/ HTTP/1.1" 404 36148
[2025-12-13 23:25:34,456] INFO django.server:213 "GET /api/client/info/ HTTP/1.1" 200 74
[2025-12-13 23:25:34,564] WARNING django.server:213 "GET /api/vk/integrations/ HTTP/1.1" 404 36148
[2025-12-13 23:25:34,622] INFO django.server:213 "GET /api/social-accounts/ HTTP/1.1" 200 2
[2025-12-13 23:25:34,672] INFO django.server:213 "GET /api/client/info/ HTTP/1.1" 200 74
[2025-12-13 23:25:34,886] INFO django.server:213 "GET /api/client/info/ HTTP/1.1" 200 74
[2025-12-13 23:32:58,353] INFO django.server:213 "GET /django-admin/core/client/ HTTP/1.1" 200 21520
[2025-12-13 23:32:58,564] INFO django.server:213 "GET /django-admin/jsi18n/ HTTP/1.1" 200 3342
[2025-12-13 23:33:07,950] INFO django.server:213 "GET /django-admin/core/client/3/change/ HTTP/1.1" 200 56096
[2025-12-13 23:33:08,005] INFO django.server:213 "GET /static/admin/js/inlines.js HTTP/1.1" 304 0
[2025-12-13 23:33:08,087] INFO django.server:213 "GET /static/admin/img/icon-unknown.svg HTTP/1.1" 304 0
[2025-12-13 23:33:08,172] INFO django.server:213 "GET /django-admin/jsi18n/ HTTP/1.1" 200 3342
[2025-12-13 23:36:52,442] INFO django.server:213 "POST /django-admin/core/client/3/change/ HTTP/1.1" 302 0
[2025-12-13 23:36:53,216] INFO django.server:213 "GET /django-admin/core/client/3/change/ HTTP/1.1" 200 59649
[2025-12-13 23:36:53,423] INFO django.server:213 "GET /django-admin/jsi18n/ HTTP/1.1" 200 3342
[2025-12-13 23:36:53,443] INFO django.server:213 "GET /static/admin/img/icon-addlink.svg HTTP/1.1" 304 0
[2025-12-13 23:37:08,118] INFO django.server:213 "GET /django-admin/core/client/ HTTP/1.1" 200 21520
[2025-12-13 23:37:08,297] INFO django.server:213 "GET /django-admin/jsi18n/ HTTP/1.1" 200 3342
[2025-12-13 23:37:12,191] INFO django.server:213 "GET /django-admin/core/client/5/change/ HTTP/1.1" 200 65976
[2025-12-13 23:37:12,363] INFO django.server:213 "GET /django-admin/jsi18n/ HTTP/1.1" 200 3342
[2025-12-13 23:42:49,156] WARNING django.server:213 "GET /api/client/settings/ HTTP/1.1" 401 172
[2025-12-13 23:42:49,156] WARNING django.server:213 "GET /api/client/info/ HTTP/1.1" 401 172
[2025-12-13 23:42:49,635] INFO django.server:213 "POST /api/auth/refresh/ HTTP/1.1" 200 244
[2025-12-13 23:42:49,856] INFO django.server:213 "GET /api/client/info/ HTTP/1.1" 200 74
[2025-12-13 23:42:50,304] INFO django.server:213 "GET /api/client/settings/ HTTP/1.1" 200 6453
[2025-12-13 23:42:52,285] INFO django.server:213 "GET /api/client/info/ HTTP/1.1" 200 74
[2025-12-13 23:42:52,476] INFO django.server:213 "GET /api/social-accounts/ HTTP/1.1" 200 2
[2025-12-13 23:42:52,521] INFO django.server:213 "GET /api/client/info/ HTTP/1.1" 200 74
[2025-12-13 23:42:52,700] INFO django.server:213 "GET /api/client/info/ HTTP/1.1" 200 74
[2025-12-13 23:42:52,808] INFO django.server:213 "GET /api/social-accounts/ HTTP/1.1" 200 2
[2025-12-13 23:42:52,904] INFO django.server:213 "GET /api/client/info/ HTTP/1.1" 200 74
[2025-12-13 23:42:53,049] ERROR django.server:213 "GET /api/vk/integrations/ HTTP/1.1" 500 180608
[2025-12-13 23:42:53,873] ERROR django.server:213 "GET /api/vk/integrations/ HTTP/1.1" 500 180608
[2025-12-13 23:44:23,781] INFO django.server:213 "GET /api/client/info/ HTTP/1.1" 200 74
[2025-12-13 23:44:23,872] INFO django.server:213 "GET /api/client/settings/ HTTP/1.1" 200 6453
[2025-12-13 23:44:53,216] INFO django.server:213 "GET /api/client/info/ HTTP/1.1" 200 74
[2025-12-13 23:44:53,317] INFO django.server:213 "GET /api/social-accounts/ HTTP/1.1" 200 2
[2025-12-13 23:44:53,319] INFO django.server:213 "GET /api/vk/integrations/ HTTP/1.1" 200 2
[2025-12-13 23:44:53,419] INFO django.server:213 "GET /api/client/info/ HTTP/1.1" 200 74
[2025-12-13 23:44:53,615] INFO django.server:213 "GET /api/client/info/ HTTP/1.1" 200 74
[2025-12-13 23:44:53,616] INFO django.server:213 "GET /api/social-accounts/ HTTP/1.1" 200 2
[2025-12-13 23:44:53,617] INFO django.server:213 "GET /api/vk/integrations/ HTTP/1.1" 200 2
[2025-12-13 23:44:53,824] INFO django.server:213 "GET /api/client/info/ HTTP/1.1" 200 74
[2025-12-13 23:45:46,092] INFO django.server:213 "GET /api/client/info/ HTTP/1.1" 200 74
[2025-12-13 23:45:46,146] INFO django.server:213 "GET /api/client/settings/ HTTP/1.1" 200 6453
[2025-12-13 23:45:46,310] INFO django.server:213 "GET /api/client/info/ HTTP/1.1" 200 74
[2025-12-13 23:45:46,406] INFO django.server:213 "GET /api/client/settings/ HTTP/1.1" 200 6453
[2025-12-13 23:46:22,841] INFO django.server:213 "GET /api/client/info/ HTTP/1.1" 200 74
[2025-12-13 23:46:22,928] INFO django.server:213 "GET /api/social-accounts/ HTTP/1.1" 200 2
[2025-12-13 23:46:22,928] INFO django.server:213 "GET /api/vk/integrations/ HTTP/1.1" 200 2
[2025-12-13 23:46:23,049] INFO django.server:213 "GET /api/client/info/ HTTP/1.1" 200 74
[2025-12-13 23:46:23,215] INFO django.server:213 "GET /api/vk/integrations/ HTTP/1.1" 200 2
[2025-12-13 23:46:23,218] INFO django.server:213 "GET /api/social-accounts/ HTTP/1.1" 200 2
[2025-12-13 23:46:23,246] INFO django.server:213 "GET /api/client/info/ HTTP/1.1" 200 74
[2025-12-13 23:46:23,446] INFO django.server:213 "GET /api/client/info/ HTTP/1.1" 200 74
[2025-12-13 23:49:40,405] INFO django.server:213 "GET /api/channel-analyses/ HTTP/1.1" 200 3058
[2025-12-13 23:49:40,675] INFO django.server:213 "GET /api/channel-analyses/ HTTP/1.1" 200 3058
[2025-12-13 23:49:45,700] INFO django.server:213 "GET /api/channel-analyses/ HTTP/1.1" 200 3058
[2025-12-13 23:49:50,375] INFO django.server:213 "GET /api/channel-analyses/ HTTP/1.1" 200 3058
[2025-12-13 23:49:55,387] INFO django.server:213 "GET /api/channel-analyses/ HTTP/1.1" 200 3058
[2025-12-13 23:50:00,415] INFO django.server:213 "GET /api/channel-analyses/ HTTP/1.1" 200 3058
[2025-12-13 23:50:05,369] INFO django.server:213 "GET /api/channel-analyses/ HTTP/1.1" 200 3058
[2025-12-13 23:50:10,464] INFO django.server:213 "GET /api/channel-analyses/ HTTP/1.1" 200 3058
[2025-12-13 23:50:15,365] INFO django.server:213 "GET /api/channel-analyses/ HTTP/1.1" 200 3058
[2025-12-13 23:50:20,395] INFO django.server:213 "GET /api/channel-analyses/ HTTP/1.1" 200 3058
[2025-12-13 23:50:25,487] INFO django.server:213 "GET /api/channel-analyses/ HTTP/1.1" 200 3058
[2025-12-13 23:50:30,394] INFO django.server:213 "GET /api/channel-analyses/ HTTP/1.1" 200 3058
[2025-12-13 23:50:35,359] INFO django.server:213 "GET /api/channel-analyses/ HTTP/1.1" 200 3058
[2025-12-13 23:50:38,366] INFO django.server:213 "GET /api/client/settings/ HTTP/1.1" 200 6453
[2025-12-13 23:50:38,550] INFO django.server:213 "GET /api/client/info/ HTTP/1.1" 200 74
[2025-12-13 23:50:38,742] INFO django.server:213 "GET /api/client/info/ HTTP/1.1" 200 74
[2025-12-13 23:50:38,965] INFO django.server:213 "GET /api/client/settings/ HTTP/1.1" 200 6453
[2025-12-13 23:51:02,949] INFO django.server:213 "GET /api/client/info/ HTTP/1.1" 200 74
[2025-12-13 23:51:03,038] INFO django.server:213 "GET /api/social-accounts/ HTTP/1.1" 200 2
[2025-12-13 23:51:03,038] INFO django.server:213 "GET /api/vk/integrations/ HTTP/1.1" 200 2
[2025-12-13 23:51:03,151] INFO django.server:213 "GET /api/client/info/ HTTP/1.1" 200 74
[2025-12-13 23:51:03,349] INFO django.server:213 "GET /api/client/info/ HTTP/1.1" 200 74
[2025-12-13 23:51:03,350] INFO django.server:213 "GET /api/social-accounts/ HTTP/1.1" 200 2
[2025-12-13 23:51:03,353] INFO django.server:213 "GET /api/vk/integrations/ HTTP/1.1" 200 2
[2025-12-13 23:51:03,549] INFO django.server:213 "GET /api/client/info/ HTTP/1.1" 200 74
[2025-12-13 23:51:26,592] INFO django.server:213 "GET /api/client/info/ HTTP/1.1" 200 74
[2025-12-13 23:51:26,618] INFO django.server:213 "GET /api/client/settings/ HTTP/1.1" 200 6499
[2025-12-13 23:51:26,659] INFO django.server:213 "GET /api/vk/integrations/ HTTP/1.1" 200 2
[2025-12-13 23:51:26,694] INFO django.server:213 "GET /api/social-accounts/ HTTP/1.1" 200 2
[2025-12-13 23:51:26,802] INFO django.server:213 "GET /api/client/info/ HTTP/1.1" 200 74
[2025-12-13 23:54:19,581] INFO django.server:213 "GET /api/client/info/ HTTP/1.1" 200 74
[2025-12-13 23:54:19,638] INFO django.server:213 "GET /api/client/settings/ HTTP/1.1" 200 6499
[2025-12-13 23:54:25,133] INFO django.server:213 "GET /api/client/info/ HTTP/1.1" 200 74
[2025-12-13 23:54:25,265] INFO django.server:213 "GET /api/client/settings/ HTTP/1.1" 200 6499
[2025-12-13 23:54:25,268] INFO django.server:213 "GET /api/vk/integrations/ HTTP/1.1" 200 2
[2025-12-13 23:54:25,315] INFO django.server:213 "GET /api/social-accounts/ HTTP/1.1" 200 2
[2025-12-13 23:54:25,325] INFO django.server:213 "GET /api/client/info/ HTTP/1.1" 200 74
[2025-12-13 23:54:25,516] INFO django.server:213 "GET /api/client/info/ HTTP/1.1" 200 74
[2025-12-13 23:54:25,521] INFO django.server:213 "GET /api/client/settings/ HTTP/1.1" 200 6499
[2025-12-13 23:54:25,587] INFO django.server:213 "GET /api/vk/integrations/ HTTP/1.1" 200 2
[2025-12-13 23:54:25,656] INFO django.server:213 "GET /api/social-accounts/ HTTP/1.1" 200 2
[2025-12-13 23:54:25,723] INFO django.server:213 "GET /api/client/info/ HTTP/1.1" 200 74
[2025-12-14 14:02:41,332] INFO django.server:213 "OPTIONS /api/auth/telegram HTTP/1.1" 200 0
[2025-12-14 14:02:41,973] INFO django.server:213 "PUT /api/auth/telegram HTTP/1.1" 200 160
[2025-12-14 14:02:45,554] INFO django.server:213 "GET /api/client/info/ HTTP/1.1" 200 74
[2025-12-14 14:02:45,755] INFO django.server:213 "GET /api/client/info/ HTTP/1.1" 200 74
[2025-12-14 14:02:46,039] INFO django.server:213 "GET /api/client/settings/ HTTP/1.1" 200 6499
[2025-12-14 14:02:46,312] INFO django.server:213 "GET /api/client/settings/ HTTP/1.1" 200 6499
[2025-12-14 14:02:49,704] INFO django.server:213 "GET /api/client/info/ HTTP/1.1" 200 74
[2025-12-14 14:02:49,829] INFO django.server:213 "GET /api/vk/integrations/ HTTP/1.1" 200 2
[2025-12-14 14:02:49,930] INFO django.server:213 "GET /api/client/info/ HTTP/1.1" 200 74
[2025-12-14 14:02:50,131] INFO django.server:213 "GET /api/client/info/ HTTP/1.1" 200 74
[2025-12-14 14:02:50,150] INFO django.server:213 "GET /api/client/settings/ HTTP/1.1" 200 6499
[2025-12-14 14:02:50,178] INFO django.server:213 "GET /api/vk/integrations/ HTTP/1.1" 200 2
[2025-12-14 14:02:50,343] INFO django.server:213 "GET /api/client/info/ HTTP/1.1" 200 74
[2025-12-14 14:02:50,421] INFO django.server:213 "GET /api/client/settings/ HTTP/1.1" 200 6499
[2025-12-14 14:02:50,457] ERROR django.server:213 "GET /api/social-accounts/ HTTP/1.1" 500 152956
[2025-12-14 14:02:50,920] ERROR django.server:213 "GET /api/social-accounts/ HTTP/1.1" 500 152956
[2025-12-14 15:00:42,166] WARNING django.server:213 "GET /api/client/info/ HTTP/1.1" 401 172
[2025-12-14 15:00:42,166] WARNING django.server:213 "GET /api/client/settings/ HTTP/1.1" 401 172
[2025-12-14 15:00:42,169] INFO django.server:213 "OPTIONS /api/auth/refresh/ HTTP/1.1" 200 0
[2025-12-14 15:00:43,022] INFO django.server:213 "POST /api/auth/refresh/ HTTP/1.1" 200 244
[2025-12-14 15:00:43,274] INFO django.server:213 "GET /api/client/info/ HTTP/1.1" 200 74
[2025-12-14 15:00:43,811] INFO django.server:213 "GET /api/client/settings/ HTTP/1.1" 200 6499
[2025-12-14 15:00:48,150] INFO django.server:213 "GET /api/client/info/ HTTP/1.1" 200 74
[2025-12-14 15:00:48,150] INFO django.server:213 "GET /api/client/settings/ HTTP/1.1" 200 6499
[2025-12-14 15:00:48,506] INFO django.server:213 "GET /api/vk/integrations/ HTTP/1.1" 200 2
[2025-12-14 15:00:48,686] INFO django.server:213 "GET /api/social-accounts/ HTTP/1.1" 200 213
[2025-12-14 15:00:48,733] INFO django.server:213 "GET /api/client/info/ HTTP/1.1" 200 74
[2025-12-14 15:00:48,791] INFO django.server:213 "GET /api/client/settings/ HTTP/1.1" 200 6499
[2025-12-14 15:00:48,963] INFO django.server:213 "GET /api/vk/integrations/ HTTP/1.1" 200 2
[2025-12-14 15:00:48,971] INFO django.server:213 "GET /api/client/info/ HTTP/1.1" 200 74
[2025-12-14 15:00:49,061] INFO django.server:213 "GET /api/social-accounts/ HTTP/1.1" 200 213
[2025-12-14 15:00:49,203] INFO django.server:213 "GET /api/client/info/ HTTP/1.1" 200 74
[2025-12-14 15:10:26,724] INFO django.server:213 "GET /api/client/info/ HTTP/1.1" 200 74
[2025-12-14 15:10:27,195] INFO django.server:213 "GET /api/vk/integrations/ HTTP/1.1" 200 2
[2025-12-14 15:10:27,455] INFO django.server:213 "GET /api/social-accounts/ HTTP/1.1" 200 213
[2025-12-14 15:10:58,868] INFO django.server:213 "GET /api/vk/integrations/ HTTP/1.1" 200 2
[2025-12-14 15:10:58,917] INFO django.server:213 "GET /api/social-accounts/ HTTP/1.1" 200 213
[2025-12-14 15:11:06,407] INFO django.server:213 "GET /api/vk/integrations/ HTTP/1.1" 200 2
[2025-12-14 15:11:06,464] INFO django.server:213 "GET /api/social-accounts/ HTTP/1.1" 200 213
[2025-12-14 15:48:17,039] WARNING django.server:213 "GET /api/client/settings/ HTTP/1.1" 401 172
[2025-12-14 15:48:17,040] WARNING django.server:213 "GET /api/client/info/ HTTP/1.1" 401 172
[2025-12-14 15:48:17,719] INFO django.server:213 "POST /api/auth/refresh/ HTTP/1.1" 200 244
[2025-12-14 15:48:18,023] INFO django.server:213 "GET /api/client/settings/ HTTP/1.1" 200 6499
[2025-12-14 15:48:18,292] INFO django.server:213 "GET /api/client/info/ HTTP/1.1" 200 74
[2025-12-14 15:48:19,661] INFO django.server:213 "GET /api/client/info/ HTTP/1.1" 200 74
[2025-12-14 15:48:19,890] INFO django.server:213 "GET /api/social-accounts/ HTTP/1.1" 200 213
[2025-12-14 15:48:19,898] INFO django.server:213 "GET /api/client/info/ HTTP/1.1" 200 74
[2025-12-14 15:48:20,202] INFO django.server:213 "GET /api/vk/integrations/ HTTP/1.1" 200 2
[2025-12-14 15:48:20,316] INFO django.server:213 "GET /api/social-accounts/ HTTP/1.1" 200 213
[2025-12-14 15:48:20,529] INFO django.server:213 "GET /api/vk/integrations/ HTTP/1.1" 200 2
[2025-12-14 15:53:03,733] INFO django.server:213 "GET /api/social-accounts/ HTTP/1.1" 200 213
[2025-12-14 15:53:03,918] INFO django.server:213 "GET /api/vk/integrations/ HTTP/1.1" 200 2
[2025-12-14 15:53:14,311] INFO django.server:213 "GET /api/vk/integrations/ HTTP/1.1" 200 2
[2025-12-14 15:53:14,387] INFO django.server:213 "GET /api/social-accounts/ HTTP/1.1" 200 213
[2025-12-14 15:53:20,656] INFO django.server:213 "GET /api/vk/integrations/ HTTP/1.1" 200 2
[2025-12-14 15:53:20,734] INFO django.server:213 "GET /api/social-accounts/ HTTP/1.1" 200 213
[2025-12-14 15:53:32,365] INFO django.server:213 "GET /api/vk/integrations/ HTTP/1.1" 200 2
[2025-12-14 15:53:32,409] INFO django.server:213 "GET /api/social-accounts/ HTTP/1.1" 200 213
[2025-12-14 15:54:50,774] INFO django.server:213 "GET /api/client/info/ HTTP/1.1" 200 74
[2025-12-14 15:54:50,852] INFO django.server:213 "GET /api/client/settings/ HTTP/1.1" 200 6499
[2025-12-14 15:54:53,025] INFO django.server:213 "GET /api/client/info/ HTTP/1.1" 200 74
[2025-12-14 15:54:53,173] INFO django.server:213 "GET /api/social-accounts/ HTTP/1.1" 200 213
[2025-12-14 15:54:53,245] INFO django.server:213 "GET /api/client/info/ HTTP/1.1" 200 74
[2025-12-14 15:54:53,522] INFO django.server:213 "GET /api/vk/integrations/ HTTP/1.1" 200 2
[2025-12-14 15:54:53,562] INFO django.server:213 "GET /api/social-accounts/ HTTP/1.1" 200 213
[2025-12-14 15:54:53,893] INFO django.server:213 "GET /api/vk/integrations/ HTTP/1.1" 200 2
[2025-12-14 16:28:51,278] WARNING django.server:213 "GET /api/client/settings/ HTTP/1.1" 401 172
[2025-12-14 16:28:51,278] WARNING django.server:213 "GET /api/client/info/ HTTP/1.1" 401 172
[2025-12-14 16:28:51,784] INFO django.server:213 "POST /api/auth/refresh/ HTTP/1.1" 200 244
[2025-12-14 16:28:52,053] INFO django.server:213 "GET /api/client/settings/ HTTP/1.1" 200 6499
[2025-12-14 16:28:52,357] INFO django.server:213 "GET /api/client/info/ HTTP/1.1" 200 74
[2025-12-14 16:28:54,225] INFO django.server:213 "GET /api/client/info/ HTTP/1.1" 200 74
[2025-12-14 16:28:54,436] INFO django.server:213 "GET /api/client/info/ HTTP/1.1" 200 74
[2025-12-14 16:28:54,539] INFO django.server:213 "GET /api/social-accounts/ HTTP/1.1" 200 169
[2025-12-14 16:28:54,806] INFO django.server:213 "GET /api/vk/integrations/ HTTP/1.1" 200 2
[2025-12-14 16:28:55,004] INFO django.server:213 "GET /api/social-accounts/ HTTP/1.1" 200 169
[2025-12-14 16:28:55,198] INFO django.server:213 "GET /api/vk/integrations/ HTTP/1.1" 200 2
[2025-12-14 16:28:59,106] INFO django.server:213 "OPTIONS /api/client/settings/ HTTP/1.1" 200 0
[2025-12-14 16:28:59,599] INFO django.server:213 "PATCH /api/client/settings/ HTTP/1.1" 200 6499
[2025-12-14 16:29:00,084] INFO django.server:213 "GET /api/social-accounts/ HTTP/1.1" 200 169
[2025-12-14 16:29:00,328] INFO django.server:213 "GET /api/vk/integrations/ HTTP/1.1" 200 2
[2025-12-14 16:33:41,855] INFO django.server:213 "OPTIONS /api/social-accounts/ HTTP/1.1" 200 0
[2025-12-14 16:33:42,470] WARNING django.server:213 "POST /api/social-accounts/ HTTP/1.1" 400 49
[2025-12-14 16:36:09,803] INFO django.server:213 "GET /django-admin/core/client/5/change/ HTTP/1.1" 200 65976
[2025-12-14 16:36:10,082] INFO django.server:213 "GET /django-admin/jsi18n/ HTTP/1.1" 200 3342
[2025-12-14 16:36:15,921] INFO django.server:213 "GET /django-admin/core/systemsetting/ HTTP/1.1" 200 18058
[2025-12-14 16:36:17,708] INFO django.server:213 "GET /django-admin/core/systemsetting/1/change/ HTTP/1.1" 200 26455
[2025-12-14 16:36:17,897] INFO django.server:213 "GET /django-admin/jsi18n/ HTTP/1.1" 200 3342
[2025-12-14 16:39:03,209] INFO django.server:213 "GET /api/templates/ HTTP/1.1" 200 21633
[2025-12-14 16:39:03,506] INFO django.server:213 "GET /api/templates/ HTTP/1.1" 200 21633
[2025-12-14 16:39:04,128] INFO django.server:213 "GET /api/posts/ HTTP/1.1" 200 2517
[2025-12-14 16:39:05,318] INFO django.server:213 "GET /api/posts/ HTTP/1.1" 200 2517
[2025-12-14 16:39:08,917] INFO django.server:213 "GET /api/client/info/ HTTP/1.1" 200 74
[2025-12-14 16:39:09,120] INFO django.server:213 "GET /api/client/info/ HTTP/1.1" 200 74
[2025-12-14 16:39:09,313] INFO django.server:213 "GET /api/client/info/ HTTP/1.1" 200 74
[2025-12-14 16:39:09,474] INFO django.server:213 "GET /api/schedules/?post=71 HTTP/1.1" 200 2
[2025-12-14 16:39:09,527] INFO django.server:213 "GET /api/client/info/ HTTP/1.1" 200 74
[2025-12-14 16:39:09,678] INFO django.server:213 "GET /api/posts/71/ HTTP/1.1" 200 1885
[2025-12-14 16:39:09,689] INFO django.server:213 "GET /api/schedules/?post=71 HTTP/1.1" 200 2
[2025-12-14 16:39:10,057] INFO django.server:213 "GET /api/client/info/ HTTP/1.1" 200 74
[2025-12-14 16:39:10,067] INFO django.server:213 "GET /api/posts/71/ HTTP/1.1" 200 1885
[2025-12-14 16:39:10,492] INFO django.server:213 "GET /api/posts/71/ HTTP/1.1" 200 1885
[2025-12-14 16:47:03,299] INFO django.server:213 "GET /api/schedules/?post=71 HTTP/1.1" 200 2
[2025-12-14 16:47:03,516] INFO django.server:213 "GET /api/posts/71/ HTTP/1.1" 200 1885
[2025-12-14 16:48:33,204] INFO django.server:213 "GET /api/schedules/?post=71 HTTP/1.1" 200 2
[2025-12-14 16:48:33,399] INFO django.server:213 "GET /api/posts/71/ HTTP/1.1" 200 1885
[2025-12-14 16:52:39,042] INFO django.server:213 "GET /api/schedules/?post=71 HTTP/1.1" 200 2
[2025-12-14 16:52:39,225] INFO django.server:213 "GET /api/posts/71/ HTTP/1.1" 200 1885
[2025-12-14 17:04:21,446] INFO django.server:213 "GET /django-admin/core/systemsetting/1/change/ HTTP/1.1" 200 27591
[2025-12-14 17:04:21,649] INFO django.server:213 "GET /django-admin/jsi18n/ HTTP/1.1" 200 3342
[2025-12-14 17:04:31,978] INFO django.server:213 "POST /django-admin/core/systemsetting/1/change/ HTTP/1.1" 302 0
[2025-12-14 17:04:32,411] INFO django.server:213 "GET /django-admin/core/systemsetting/ HTTP/1.1" 200 18521
[2025-12-14 17:04:55,449] INFO django.server:213 "GET /django-admin/core/post/ HTTP/1.1" 200 79731
[2025-12-14 17:04:55,529] INFO django.server:213 "GET /media/post_images/post_62_c6309291.jpg HTTP/1.1" 304 0
[2025-12-14 17:04:55,745] INFO django.server:213 "GET /django-admin/jsi18n/ HTTP/1.1" 200 3342
[2025-12-14 17:04:55,770] INFO django.server:213 "GET /static/admin/img/sorting-icons.svg HTTP/1.1" 304 0
[2025-12-14 17:04:55,771] INFO django.server:213 "GET /static/admin/img/icon-viewlink.svg HTTP/1.1" 304 0
[2025-12-14 17:05:16,317] ERROR django.server:213 "GET /django-admin/core/post/71/change/ HTTP/1.1" 500 610904
[2025-12-14 17:07:02,564] ERROR django.server:213 "GET /django-admin/core/post/71/change/ HTTP/1.1" 500 611041
[2025-12-14 17:07:10,111] INFO django.server:213 "GET /django-admin/core/post/71 HTTP/1.1" 301 0
[2025-12-14 17:07:10,301] INFO django.server:213 "GET /django-admin/core/post/71/ HTTP/1.1" 302 0
[2025-12-14 17:07:13,976] ERROR django.server:213 "GET /django-admin/core/post/71/change/ HTTP/1.1" 500 610730
[2025-12-14 17:07:22,629] INFO django.server:213 "GET /django-admin/core/systemsetting/ HTTP/1.1" 200 18292
[2025-12-14 17:07:29,631] INFO django.server:213 "GET /django-admin/core/post/ HTTP/1.1" 200 79731
[2025-12-14 17:07:29,631] INFO django.server:81 - Broken pipe from ('127.0.0.1', 56630)
[2025-12-14 17:07:35,634] INFO django.server:213 "GET /django-admin/core/post/ HTTP/1.1" 200 79731
[2025-12-14 17:07:35,846] INFO django.server:213 "GET /django-admin/jsi18n/ HTTP/1.1" 200 3342
[2025-12-14 17:07:43,553] ERROR django.server:213 "GET /django-admin/core/post/71/change/ HTTP/1.1" 500 610904
[2025-12-14 17:09:25,531] INFO django.server:213 "GET /django-admin/core/post/71/change/ HTTP/1.1" 200 61941
[2025-12-14 17:09:25,783] INFO django.server:213 "GET /django-admin/jsi18n/ HTTP/1.1" 200 3342
[2025-12-14 17:09:25,897] INFO django.server:213 "GET /static/admin/img/inline-delete.svg HTTP/1.1" 304 0
[2025-12-14 17:09:25,917] INFO django.server:213 "GET /static/admin/img/icon-clock.svg HTTP/1.1" 304 0
[2025-12-14 17:09:25,917] INFO django.server:213 "GET /static/admin/img/icon-calendar.svg HTTP/1.1" 304 0
[2025-12-14 17:13:32,049] INFO django.server:213 "GET /django-admin/core/post/71/change/ HTTP/1.1" 200 61941
[2025-12-14 17:13:32,271] INFO django.server:213 "GET /django-admin/jsi18n/ HTTP/1.1" 200 3342
[2025-12-14 17:14:58,166] INFO django.server:213 "GET /django-admin/core/post/ HTTP/1.1" 200 79731
[2025-12-14 17:14:58,446] INFO django.server:213 "GET /django-admin/jsi18n/ HTTP/1.1" 200 3342
[2025-12-14 17:16:47,117] INFO django.server:213 "GET /django-admin/core/post/71/change/ HTTP/1.1" 200 61941
[2025-12-14 17:16:47,343] INFO django.server:213 "GET /django-admin/jsi18n/ HTTP/1.1" 200 3342
[2025-12-14 17:17:07,392] INFO django.server:213 "GET /django-admin/core/post/71/change/ HTTP/1.1" 200 61941
[2025-12-14 17:17:07,463] INFO django.server:213 "GET /static/admin/css/autocomplete.css HTTP/1.1" 200 9185
[2025-12-14 17:17:07,463] INFO django.server:213 "GET /static/admin/css/nav_sidebar.css HTTP/1.1" 200 2810
[2025-12-14 17:17:07,466] INFO django.server:213 "GET /static/admin/css/dark_mode.css HTTP/1.1" 200 2808
[2025-12-14 17:17:07,467] INFO django.server:213 "GET /static/admin/css/vendor/select2/select2.css HTTP/1.1" 200 17358
[2025-12-14 17:17:07,467] INFO django.server:213 "GET /static/admin/css/base.css HTTP/1.1" 200 22120
[2025-12-14 17:17:07,474] INFO django.server:213 "GET /static/admin/css/forms.css HTTP/1.1" 200 8525
[2025-12-14 17:17:07,480] INFO django.server:213 "GET /static/admin/js/theme.js HTTP/1.1" 200 1653
[2025-12-14 17:17:07,485] INFO django.server:213 "GET /static/admin/css/responsive.css HTTP/1.1" 200 16565
[2025-12-14 17:17:07,500] INFO django.server:213 "GET /static/admin/js/vendor/select2/i18n/en.js HTTP/1.1" 200 844
[2025-12-14 17:17:07,501] INFO django.server:213 "GET /static/admin/js/calendar.js HTTP/1.1" 200 9141
[2025-12-14 17:17:07,503] INFO django.server:213 "GET /static/admin/js/inlines.js HTTP/1.1" 200 15628
[2025-12-14 17:17:07,505] INFO django.server:213 "GET /static/admin/js/admin/RelatedObjectLookups.js HTTP/1.1" 200 9777
[2025-12-14 17:17:07,506] INFO django.server:213 "GET /static/admin/css/widgets.css HTTP/1.1" 200 11973
[2025-12-14 17:17:07,507] INFO django.server:213 "GET /static/admin/js/admin/DateTimeShortcuts.js HTTP/1.1" 200 19319
[2025-12-14 17:17:07,513] INFO django.server:213 "GET /static/admin/js/jquery.init.js HTTP/1.1" 200 347
[2025-12-14 17:17:07,513] INFO django.server:213 "GET /static/admin/js/core.js HTTP/1.1" 200 6208
[2025-12-14 17:17:07,515] INFO django.server:213 "GET /static/admin/js/autocomplete.js HTTP/1.1" 200 1060
[2025-12-14 17:17:07,519] INFO django.server:213 "GET /static/admin/js/vendor/select2/select2.full.js HTTP/1.1" 200 173566
[2025-12-14 17:17:07,520] INFO django.server:213 "GET /static/admin/js/urlify.js HTTP/1.1" 200 7887
[2025-12-14 17:17:07,522] INFO django.server:213 "GET /static/admin/js/prepopulate.js HTTP/1.1" 200 1531
[2025-12-14 17:17:07,524] INFO django.server:213 "GET /static/admin/js/actions.js HTTP/1.1" 200 8076
[2025-12-14 17:17:07,525] INFO django.server:213 "GET /static/admin/js/prepopulate_init.js HTTP/1.1" 200 586
[2025-12-14 17:17:07,528] INFO django.server:213 "GET /static/admin/js/vendor/jquery/jquery.js HTTP/1.1" 200 285314
[2025-12-14 17:17:07,529] INFO django.server:213 "GET /static/admin/js/vendor/xregexp/xregexp.js HTTP/1.1" 200 325171
[2025-12-14 17:17:07,533] INFO django.server:213 "GET /static/admin/js/nav_sidebar.js HTTP/1.1" 200 3063
[2025-12-14 17:17:07,536] INFO django.server:213 "GET /static/admin/img/icon-changelink.svg HTTP/1.1" 200 380
[2025-12-14 17:17:07,538] INFO django.server:213 "GET /static/admin/img/icon-addlink.svg HTTP/1.1" 200 331
[2025-12-14 17:17:07,540] INFO django.server:213 "GET /static/admin/img/icon-viewlink.svg HTTP/1.1" 200 581
[2025-12-14 17:17:07,542] INFO django.server:213 "GET /static/admin/js/change_form.js HTTP/1.1" 200 606
[2025-12-14 17:17:07,957] INFO django.server:213 "GET /django-admin/jsi18n/ HTTP/1.1" 200 3342
[2025-12-14 17:17:08,008] INFO django.server:213 "GET /static/admin/img/inline-delete.svg HTTP/1.1" 200 537
[2025-12-14 17:17:08,265] WARNING django.server:213 "GET /favicon.ico HTTP/1.1" 404 3894
[2025-12-14 17:17:34,720] INFO django.server:213 "GET /django-admin/core/post/ HTTP/1.1" 200 79731
[2025-12-14 17:17:34,932] INFO django.server:213 "GET /django-admin/jsi18n/ HTTP/1.1" 200 3342
[2025-12-14 17:17:54,548] ERROR django.server:213 "POST /django-admin/core/post/ HTTP/1.1" 500 172138
[2025-12-14 17:20:35,792] INFO django.server:213 "GET /django-admin/core/post/ HTTP/1.1" 200 79731
[2025-12-14 17:20:51,635] WARNING django.server:213 "GET /api/posts/ HTTP/1.1" 401 172
[2025-12-14 17:20:51,635] WARNING django.server:213 "GET /api/templates/ HTTP/1.1" 401 172
[2025-12-14 17:20:51,639] WARNING django.server:213 "GET /api/templates/ HTTP/1.1" 401 172
[2025-12-14 17:20:51,640] WARNING django.server:213 "GET /api/posts/ HTTP/1.1" 401 172
[2025-12-14 17:20:51,665] INFO django.server:213 "OPTIONS /api/auth/refresh/ HTTP/1.1" 200 0
[2025-12-14 17:20:52,126] INFO django.server:213 "POST /api/auth/refresh/ HTTP/1.1" 200 244
[2025-12-14 17:20:52,766] INFO django.server:213 "GET /api/templates/ HTTP/1.1" 200 21633
[2025-12-14 17:20:53,279] INFO django.server:213 "GET /api/posts/ HTTP/1.1" 200 2517
[2025-12-14 17:20:53,468] INFO django.server:213 "GET /api/templates/ HTTP/1.1" 200 21633
[2025-12-14 17:20:54,468] INFO django.server:213 "GET /api/posts/ HTTP/1.1" 200 2517
[2025-12-14 17:20:57,586] INFO django.server:213 "GET /api/client/info/ HTTP/1.1" 200 74
[2025-12-14 17:20:57,644] INFO django.server:213 "GET /api/schedules/?post=71 HTTP/1.1" 200 2
[2025-12-14 17:20:57,788] INFO django.server:213 "GET /api/posts/71/ HTTP/1.1" 200 1885
[2025-12-14 17:20:57,792] INFO django.server:213 "GET /api/client/info/ HTTP/1.1" 200 74
[2025-12-14 17:20:57,870] INFO django.server:213 "GET /api/schedules/?post=71 HTTP/1.1" 200 2
[2025-12-14 17:20:57,983] INFO django.server:213 "GET /api/client/info/ HTTP/1.1" 200 74
[2025-12-14 17:20:58,178] INFO django.server:213 "GET /api/posts/71/ HTTP/1.1" 200 1885
[2025-12-14 17:20:58,184] INFO django.server:213 "GET /api/client/info/ HTTP/1.1" 200 74
[2025-12-14 17:20:58,372] INFO django.server:213 "GET /api/client/info/ HTTP/1.1" 200 74
[2025-12-14 17:20:58,577] INFO django.server:213 "GET /api/posts/71/ HTTP/1.1" 200 1885
[2025-12-14 17:22:30,408] INFO django.server:213 "GET /api/schedules/?post=71 HTTP/1.1" 200 2
[2025-12-14 17:22:30,629] INFO django.server:213 "GET /api/schedules/?post=71 HTTP/1.1" 200 2
[2025-12-14 17:22:30,629] INFO django.server:213 "GET /api/posts/71/ HTTP/1.1" 200 1885
[2025-12-14 17:22:31,049] INFO django.server:213 "GET /api/posts/71/ HTTP/1.1" 200 1885
[2025-12-14 17:28:45,027] INFO django.server:213 "GET /api/schedules/?post=71 HTTP/1.1" 200 2
[2025-12-14 17:28:45,084] INFO django.server:213 "GET /api/client/info/ HTTP/1.1" 200 74
[2025-12-14 17:28:45,233] INFO django.server:213 "GET /api/schedules/?post=71 HTTP/1.1" 200 2
[2025-12-14 17:28:45,253] INFO django.server:213 "GET /api/posts/71/ HTTP/1.1" 200 1885
[2025-12-14 17:28:45,304] INFO django.server:213 "GET /api/client/info/ HTTP/1.1" 200 74
[2025-12-14 17:28:45,537] INFO django.server:213 "GET /api/client/info/ HTTP/1.1" 200 74
[2025-12-14 17:28:45,737] INFO django.server:213 "GET /api/posts/71/ HTTP/1.1" 200 1885
[2025-12-14 17:28:45,803] INFO django.server:213 "GET /api/client/info/ HTTP/1.1" 200 74
[2025-12-14 17:28:46,037] INFO django.server:213 "GET /api/client/info/ HTTP/1.1" 200 74
[2025-12-14 17:28:46,165] INFO django.server:213 "GET /api/posts/71/ HTTP/1.1" 200 1885
[2025-12-14 17:28:48,349] ERROR django.server:213 "POST /api/posts/71/generate_image/ HTTP/1.1" 500 104520
[2025-12-14 17:29:06,038] INFO django.server:213 "GET /api/client/info/ HTTP/1.1" 200 74
[2025-12-14 17:29:06,072] INFO django.server:213 "GET /api/client/info/ HTTP/1.1" 200 74
[2025-12-14 17:29:06,094] INFO django.server:213 "GET /api/schedules/?post=71 HTTP/1.1" 200 2
[2025-12-14 17:29:06,112] INFO django.server:213 "GET /api/client/info/ HTTP/1.1" 200 74
[2025-12-14 17:29:06,254] INFO django.server:213 "GET /api/client/info/ HTTP/1.1" 200 74
[2025-12-14 17:29:06,275] INFO django.server:213 "GET /api/client/info/ HTTP/1.1" 200 74
[2025-12-14 17:29:06,302] INFO django.server:213 "GET /api/posts/71/ HTTP/1.1" 200 1885
[2025-12-14 17:29:06,306] INFO django.server:213 "GET /api/posts/71/ HTTP/1.1" 200 1885
[2025-12-14 17:29:06,341] INFO django.server:213 "GET /api/schedules/?post=71 HTTP/1.1" 200 2
[2025-12-14 17:29:06,532] INFO django.server:213 "GET /api/posts/71/ HTTP/1.1" 200 1885
[2025-12-14 17:29:10,652] ERROR django.server:213 "POST /api/posts/71/generate_image/ HTTP/1.1" 500 104785
[2025-12-14 17:30:27,911] INFO django.server:213 "GET /django-admin/core/post/71/change/ HTTP/1.1" 200 61931
[2025-12-14 17:30:28,111] INFO django.server:213 "GET /django-admin/jsi18n/ HTTP/1.1" 200 3342
[2025-12-14 17:32:18,904] ERROR django.server:213 "POST /api/posts/71/generate_image/ HTTP/1.1" 500 114144
[2025-12-14 17:37:43,205] INFO django.server:213 "GET /api/schedules/?post=71 HTTP/1.1" 200 2
[2025-12-14 17:37:43,207] INFO django.server:213 "GET /api/client/info/ HTTP/1.1" 200 74
[2025-12-14 17:37:43,207] INFO django.server:213 "GET /api/client/info/ HTTP/1.1" 200 74
[2025-12-14 17:37:43,247] INFO django.server:213 "GET /api/client/info/ HTTP/1.1" 200 74
[2025-12-14 17:37:43,412] INFO django.server:213 "GET /api/client/info/ HTTP/1.1" 200 74
[2025-12-14 17:37:43,412] INFO django.server:213 "GET /api/posts/71/ HTTP/1.1" 200 1885
[2025-12-14 17:37:43,414] INFO django.server:213 "GET /api/client/info/ HTTP/1.1" 200 74
[2025-12-14 17:37:43,462] INFO django.server:213 "GET /api/schedules/?post=71 HTTP/1.1" 200 2
[2025-12-14 17:37:43,469] INFO django.server:213 "GET /api/posts/71/ HTTP/1.1" 200 1885
[2025-12-14 17:37:43,627] INFO django.server:213 "GET /api/posts/71/ HTTP/1.1" 200 1885
[2025-12-14 17:37:49,438] ERROR django.server:213 "POST /api/posts/71/generate_image/ HTTP/1.1" 500 114409
[2025-12-14 17:39:43,764] INFO django.server:213 "GET /api/client/info/ HTTP/1.1" 200 74
[2025-12-14 17:39:43,776] INFO django.server:213 "GET /api/client/info/ HTTP/1.1" 200 74
[2025-12-14 17:39:43,782] INFO django.server:213 "GET /api/client/info/ HTTP/1.1" 200 74
[2025-12-14 17:39:43,784] INFO django.server:213 "GET /api/client/info/ HTTP/1.1" 200 74
[2025-12-14 17:39:43,976] INFO django.server:213 "GET /api/posts/71/ HTTP/1.1" 200 1885
[2025-12-14 17:39:43,979] INFO django.server:213 "GET /api/schedules/?post=71 HTTP/1.1" 200 2
[2025-12-14 17:39:43,980] INFO django.server:213 "GET /api/schedules/?post=71 HTTP/1.1" 200 2
[2025-12-14 17:39:43,981] INFO django.server:213 "GET /api/client/info/ HTTP/1.1" 200 74
[2025-12-14 17:39:44,175] INFO django.server:213 "GET /api/posts/71/ HTTP/1.1" 200 1885
[2025-12-14 17:39:44,211] INFO django.server:213 "GET /api/posts/71/ HTTP/1.1" 200 1885
[2025-12-14 17:39:46,381] ERROR django.server:213 "POST /api/posts/71/generate_image/ HTTP/1.1" 500 114409
[2025-12-14 17:42:52,862] INFO django.server:213 "GET /api/schedules/?post=71 HTTP/1.1" 200 2
[2025-12-14 17:42:52,884] INFO django.server:213 "GET /api/client/info/ HTTP/1.1" 200 74
[2025-12-14 17:42:52,895] INFO django.server:213 "GET /api/client/info/ HTTP/1.1" 200 74
[2025-12-14 17:42:52,895] INFO django.server:213 "GET /api/client/info/ HTTP/1.1" 200 74
[2025-12-14 17:42:53,049] INFO django.server:213 "GET /api/posts/71/ HTTP/1.1" 200 1885
[2025-12-14 17:42:53,062] INFO django.server:213 "GET /api/client/info/ HTTP/1.1" 200 74
[2025-12-14 17:42:53,093] INFO django.server:213 "GET /api/posts/71/ HTTP/1.1" 200 1885
[2025-12-14 17:42:53,093] INFO django.server:213 "GET /api/client/info/ HTTP/1.1" 200 74
[2025-12-14 17:42:53,097] INFO django.server:213 "GET /api/schedules/?post=71 HTTP/1.1" 200 2
[2025-12-14 17:42:53,318] INFO django.server:213 "GET /api/posts/71/ HTTP/1.1" 200 1885
[2025-12-14 17:43:01,129] INFO django.server:213 "POST /api/posts/71/generate_image/ HTTP/1.1" 200 114
[2025-12-14 17:43:05,041] INFO django.server:213 "GET /api/posts/71/ HTTP/1.1" 200 1885
[2025-12-14 17:43:35,577] INFO django.server:213 "GET /api/schedules/?post=71 HTTP/1.1" 200 2
[2025-12-14 17:43:35,580] INFO django.server:213 "GET /api/client/info/ HTTP/1.1" 200 74
[2025-12-14 17:43:35,584] INFO django.server:213 "GET /api/client/info/ HTTP/1.1" 200 74
[2025-12-14 17:43:35,613] INFO django.server:213 "GET /api/client/info/ HTTP/1.1" 200 74
[2025-12-14 17:43:35,773] INFO django.server:213 "GET /api/posts/71/ HTTP/1.1" 200 1885
[2025-12-14 17:43:35,790] INFO django.server:213 "GET /api/posts/71/ HTTP/1.1" 200 1885
[2025-12-14 17:43:35,797] INFO django.server:213 "GET /api/client/info/ HTTP/1.1" 200 74
[2025-12-14 17:43:35,797] INFO django.server:213 "GET /api/client/info/ HTTP/1.1" 200 74
[2025-12-14 17:43:35,843] INFO django.server:213 "GET /api/schedules/?post=71 HTTP/1.1" 200 2
[2025-12-14 17:43:36,011] INFO django.server:213 "GET /api/posts/71/ HTTP/1.1" 200 1885
[2025-12-14 17:44:53,072] INFO django.server:213 "POST /api/posts/71/generate_image/ HTTP/1.1" 200 114
[2025-12-14 17:44:56,548] INFO django.server:213 "GET /api/posts/71/ HTTP/1.1" 200 1885
[2025-12-14 18:06:29,426] WARNING django.server:213 "GET /api/posts/71/ HTTP/1.1" 401 172
[2025-12-14 18:06:29,426] WARNING django.server:213 "GET /api/client/info/ HTTP/1.1" 401 172
[2025-12-14 18:06:29,429] WARNING django.server:213 "GET /api/schedules/?post=71 HTTP/1.1" 401 172
[2025-12-14 18:06:29,429] WARNING django.server:213 "GET /api/schedules/?post=71 HTTP/1.1" 401 172
[2025-12-14 18:06:29,426] WARNING django.server:213 "GET /api/posts/71/ HTTP/1.1" 401 172
[2025-12-14 18:06:29,429] WARNING django.server:213 "GET /api/client/info/ HTTP/1.1" 401 172
[2025-12-14 18:06:29,432] INFO django.server:213 "OPTIONS /api/auth/refresh/ HTTP/1.1" 200 0
[2025-12-14 18:06:29,438] WARNING django.server:213 "GET /api/client/info/ HTTP/1.1" 401 172
[2025-12-14 18:06:29,441] WARNING django.server:213 "GET /api/client/info/ HTTP/1.1" 401 172
[2025-12-14 18:06:29,522] WARNING django.server:213 "GET /api/posts/71/ HTTP/1.1" 401 172
[2025-12-14 18:06:29,527] WARNING django.server:213 "GET /api/client/info/ HTTP/1.1" 401 172
[2025-12-14 18:06:30,066] INFO django.server:213 "POST /api/auth/refresh/ HTTP/1.1" 200 244
[2025-12-14 18:06:30,698] INFO django.server:213 "GET /api/schedules/?post=71 HTTP/1.1" 200 2
[2025-12-14 18:06:30,985] INFO django.server:213 "GET /api/client/info/ HTTP/1.1" 200 74
[2025-12-14 18:06:31,056] INFO django.server:213 "GET /api/posts/71/ HTTP/1.1" 200 1885
[2025-12-14 18:06:31,230] INFO django.server:213 "GET /api/client/info/ HTTP/1.1" 200 74
[2025-12-14 18:06:31,401] INFO django.server:213 "GET /api/client/info/ HTTP/1.1" 200 74
[2025-12-14 18:06:31,483] INFO django.server:213 "GET /api/client/info/ HTTP/1.1" 200 74
[2025-12-14 18:06:31,484] INFO django.server:213 "GET /api/client/info/ HTTP/1.1" 200 74
[2025-12-14 18:06:31,746] INFO django.server:213 "GET /api/schedules/?post=71 HTTP/1.1" 200 2
[2025-12-14 18:06:34,561] INFO django.server:213 "GET /api/posts/71/ HTTP/1.1" 200 1885
[2025-12-14 18:06:35,036] INFO django.server:213 "GET /api/posts/71/ HTTP/1.1" 200 1885
[2025-12-14 18:06:49,786] INFO django.server:213 "POST /api/auth/logout/ HTTP/1.1" 200 16
[2025-12-14 18:06:49,888] INFO django.server:213 "POST /api/auth/logout/ HTTP/1.1" 200 16
[2025-12-14 18:06:54,541] WARNING django.server:213 "GET /api/auth/telegram HTTP/1.1" 401 0
[2025-12-14 18:06:54,541] WARNING django.server:213 "GET /api/auth/telegram HTTP/1.1" 401 0
[2025-12-14 18:06:56,418] INFO django.server:213 "OPTIONS /api/auth/telegram HTTP/1.1" 200 0
[2025-12-14 18:06:56,965] INFO django.server:213 "PUT /api/auth/telegram HTTP/1.1" 200 160
[2025-12-14 18:07:20,710] INFO django.server:213 "GET /api/templates/ HTTP/1.1" 200 21633
[2025-12-14 18:07:22,265] INFO django.server:213 "GET /api/templates/ HTTP/1.1" 200 21633
[2025-12-14 18:07:27,252] INFO django.server:213 "GET /api/posts/ HTTP/1.1" 200 2517
[2025-12-14 18:07:27,936] INFO django.server:213 "GET /api/posts/ HTTP/1.1" 200 2517
[2025-12-14 18:07:31,908] INFO django.server:213 "GET /api/client/info/ HTTP/1.1" 200 74
[2025-12-14 18:07:31,964] INFO django.server:213 "GET /api/client/info/ HTTP/1.1" 200 74
[2025-12-14 18:07:32,194] INFO django.server:213 "GET /api/client/info/ HTTP/1.1" 200 74
[2025-12-14 18:07:32,614] INFO django.server:213 "GET /api/client/info/ HTTP/1.1" 200 74
[2025-12-14 18:07:32,634] INFO django.server:213 "GET /api/schedules/?post=71 HTTP/1.1" 200 2
[2025-12-14 18:07:32,815] INFO django.server:213 "GET /api/client/info/ HTTP/1.1" 200 74
[2025-12-14 18:07:33,079] INFO django.server:213 "GET /api/posts/71/ HTTP/1.1" 200 1885
[2025-12-14 18:07:33,108] INFO django.server:213 "GET /api/posts/71/ HTTP/1.1" 200 1885
[2025-12-14 18:07:33,318] INFO django.server:213 "GET /api/posts/71/ HTTP/1.1" 200 1885
[2025-12-14 18:07:34,416] INFO django.server:213 "GET /api/schedules/?post=71 HTTP/1.1" 200 2
[2025-12-14 18:07:37,974] INFO django.server:213 "POST /api/posts/71/generate_image/ HTTP/1.1" 200 114
[2025-12-14 18:07:41,573] INFO django.server:213 "GET /api/posts/71/ HTTP/1.1" 200 1885
[2025-12-14 18:12:00,060] INFO django.server:213 "GET /api/client/info/ HTTP/1.1" 200 74
[2025-12-14 18:12:00,368] INFO django.server:213 "GET /api/posts/71/ HTTP/1.1" 200 1885
[2025-12-14 18:12:00,530] INFO django.server:213 "GET /api/posts/71/ HTTP/1.1" 200 1885
[2025-12-14 18:12:00,611] INFO django.server:213 "GET /api/client/info/ HTTP/1.1" 200 74
[2025-12-14 18:12:00,673] INFO django.server:213 "GET /api/client/info/ HTTP/1.1" 200 74
[2025-12-14 18:12:00,810] INFO django.server:213 "GET /api/client/info/ HTTP/1.1" 200 74
[2025-12-14 18:12:01,121] INFO django.server:213 "GET /api/schedules/?post=71 HTTP/1.1" 200 2
[2025-12-14 18:12:01,882] INFO django.server:213 "GET /api/client/info/ HTTP/1.1" 200 74
[2025-12-14 18:12:02,104] INFO django.server:213 "GET /api/posts/71/ HTTP/1.1" 200 1885
[2025-12-14 18:12:02,718] INFO django.server:213 "GET /api/schedules/?post=71 HTTP/1.1" 200 2
[2025-12-14 18:12:04,379] INFO django.server:213 "POST /api/posts/71/generate_image/ HTTP/1.1" 200 114
[2025-12-14 18:12:09,832] INFO django.server:213 "GET /api/posts/71/ HTTP/1.1" 200 1885
[2025-12-14 18:17:13,196] INFO django.server:213 "POST /api/posts/71/generate_image/ HTTP/1.1" 200 114
[2025-12-14 18:17:16,638] INFO django.server:213 "GET /api/posts/71/ HTTP/1.1" 200 1885
[2025-12-14 18:20:29,918] INFO django.server:213 "POST /api/posts/71/generate_image/ HTTP/1.1" 200 114
[2025-12-14 18:20:33,735] INFO django.server:213 "GET /api/posts/71/ HTTP/1.1" 200 1885
[2025-12-14 18:31:33,033] INFO django.server:213 "GET /api/client/info/ HTTP/1.1" 200 74
[2025-12-14 18:31:33,125] INFO django.server:213 "GET /api/client/info/ HTTP/1.1" 200 74
[2025-12-14 18:31:33,129] INFO django.server:213 "GET /api/client/info/ HTTP/1.1" 200 74
[2025-12-14 18:31:33,163] INFO django.server:213 "GET /api/client/info/ HTTP/1.1" 200 74
[2025-12-14 18:31:33,432] INFO django.server:213 "GET /api/schedules/?post=71 HTTP/1.1" 200 2
[2025-12-14 18:31:33,489] INFO django.server:213 "GET /api/client/info/ HTTP/1.1" 200 74
[2025-12-14 18:31:33,503] INFO django.server:213 "GET /api/schedules/?post=71 HTTP/1.1" 200 2
[2025-12-14 18:31:33,678] INFO django.server:213 "GET /api/posts/71/ HTTP/1.1" 200 1885
[2025-12-14 18:31:33,716] INFO django.server:213 "GET /api/posts/71/ HTTP/1.1" 200 1885
[2025-12-14 18:31:33,765] INFO django.server:213 "GET /api/posts/71/ HTTP/1.1" 200 1885
[2025-12-14 18:31:45,823] INFO django.server:213 "POST /api/posts/71/generate_image/ HTTP/1.1" 200 152
[2025-12-14 18:31:51,389] INFO django.server:213 "GET /api/posts/71/ HTTP/1.1" 200 1885
[2025-12-14 18:32:21,497] INFO django.server:213 "GET /api/client/info/ HTTP/1.1" 200 74
[2025-12-14 18:32:21,498] INFO django.server:213 "GET /api/client/info/ HTTP/1.1" 200 74
[2025-12-14 18:32:21,498] INFO django.server:213 "GET /api/client/info/ HTTP/1.1" 200 74
[2025-12-14 18:32:21,513] INFO django.server:213 "GET /api/schedules/?post=71 HTTP/1.1" 200 2
[2025-12-14 18:32:21,716] INFO django.server:213 "GET /api/client/info/ HTTP/1.1" 200 74
[2025-12-14 18:32:21,716] INFO django.server:213 "GET /api/posts/71/ HTTP/1.1" 200 1885
[2025-12-14 18:32:21,720] INFO django.server:213 "GET /api/schedules/?post=71 HTTP/1.1" 200 2
[2025-12-14 18:32:21,733] INFO django.server:213 "GET /api/client/info/ HTTP/1.1" 200 74
[2025-12-14 18:32:21,745] INFO django.server:213 "GET /api/posts/71/ HTTP/1.1" 200 1885
[2025-12-14 18:32:21,927] INFO django.server:213 "GET /api/posts/71/ HTTP/1.1" 200 1885
[2025-12-14 18:35:27,724] INFO django.server:213 "GET /api/client/info/ HTTP/1.1" 200 74
[2025-12-14 18:35:27,731] INFO django.server:213 "GET /api/client/info/ HTTP/1.1" 200 74
[2025-12-14 18:35:27,731] INFO django.server:213 "GET /api/client/info/ HTTP/1.1" 200 74
[2025-12-14 18:35:27,743] INFO django.server:213 "GET /api/schedules/?post=71 HTTP/1.1" 200 2
[2025-12-14 18:35:27,956] INFO django.server:213 "GET /api/posts/71/ HTTP/1.1" 200 1885
[2025-12-14 18:35:27,957] INFO django.server:213 "GET /api/client/info/ HTTP/1.1" 200 74
[2025-12-14 18:35:27,979] INFO django.server:213 "GET /api/schedules/?post=71 HTTP/1.1" 200 2
[2025-12-14 18:35:28,032] INFO django.server:213 "GET /api/posts/71/ HTTP/1.1" 200 1885
[2025-12-14 18:35:28,144] INFO django.server:213 "GET /api/client/info/ HTTP/1.1" 200 74
[2025-12-14 18:35:28,192] INFO django.server:213 "GET /api/posts/71/ HTTP/1.1" 200 1885
[2025-12-14 18:35:32,175] INFO django.server:213 "POST /api/posts/71/generate_image/ HTTP/1.1" 200 152
[2025-12-14 18:35:35,603] INFO django.server:213 "GET /api/posts/71/ HTTP/1.1" 200 1885
[2025-12-14 18:57:56,789] WARNING django.server:213 "GET /api/client/info/ HTTP/1.1" 401 172
[2025-12-14 18:57:56,789] WARNING django.server:213 "GET /api/posts/71/ HTTP/1.1" 401 172
[2025-12-14 18:57:56,789] WARNING django.server:213 "GET /api/schedules/?post=71 HTTP/1.1" 401 172
[2025-12-14 18:57:56,790] WARNING django.server:213 "GET /api/client/info/ HTTP/1.1" 401 172
[2025-12-14 18:57:56,794] WARNING django.server:213 "GET /api/schedules/?post=71 HTTP/1.1" 401 172
[2025-12-14 18:57:56,797] WARNING django.server:213 "GET /api/client/info/ HTTP/1.1" 401 172
[2025-12-14 18:57:56,798] WARNING django.server:213 "GET /api/client/info/ HTTP/1.1" 401 172
[2025-12-14 18:57:56,798] WARNING django.server:213 "GET /api/client/info/ HTTP/1.1" 401 172
[2025-12-14 18:57:56,799] WARNING django.server:213 "GET /api/posts/71/ HTTP/1.1" 401 172
[2025-12-14 18:57:56,799] INFO django.server:213 "OPTIONS /api/auth/refresh/ HTTP/1.1" 200 0
[2025-12-14 18:57:56,809] WARNING django.server:213 "GET /api/posts/71/ HTTP/1.1" 401 172
[2025-12-14 18:57:57,294] INFO django.server:213 "POST /api/auth/refresh/ HTTP/1.1" 200 244
[2025-12-14 18:57:57,512] INFO django.server:213 "GET /api/client/info/ HTTP/1.1" 200 74
[2025-12-14 18:57:57,870] INFO django.server:213 "GET /api/schedules/?post=71 HTTP/1.1" 200 2
[2025-12-14 18:57:57,889] INFO django.server:213 "GET /api/client/info/ HTTP/1.1" 200 74
[2025-12-14 18:57:57,889] INFO django.server:213 "GET /api/client/info/ HTTP/1.1" 200 74
[2025-12-14 18:57:57,910] INFO django.server:213 "GET /api/schedules/?post=71 HTTP/1.1" 200 2
[2025-12-14 18:57:57,948] INFO django.server:213 "GET /api/posts/71/ HTTP/1.1" 200 1885
[2025-12-14 18:57:58,050] INFO django.server:213 "GET /api/posts/71/ HTTP/1.1" 200 1885
[2025-12-14 18:57:58,077] INFO django.server:213 "GET /api/client/info/ HTTP/1.1" 200 74
[2025-12-14 18:57:58,095] INFO django.server:213 "GET /api/client/info/ HTTP/1.1" 200 74
[2025-12-14 18:57:58,330] INFO django.server:213 "GET /api/posts/71/ HTTP/1.1" 200 1885
[2025-12-14 18:58:21,882] INFO django.server:213 "POST /api/posts/71/generate_image/ HTTP/1.1" 200 152
[2025-12-14 18:58:25,737] INFO django.server:213 "GET /api/posts/71/ HTTP/1.1" 200 1885
[2025-12-14 18:59:19,497] INFO django.server:213 "GET /django-admin/core/systemsetting/ HTTP/1.1" 200 18293
[2025-12-14 18:59:21,795] INFO django.server:213 "GET /django-admin/core/systemsetting/1/change/ HTTP/1.1" 200 27591
[2025-12-14 18:59:22,009] INFO django.server:213 "GET /django-admin/jsi18n/ HTTP/1.1" 200 3342
[2025-12-14 18:59:42,578] INFO django.server:213 "POST /django-admin/core/systemsetting/1/change/ HTTP/1.1" 302 0
[2025-12-14 18:59:43,056] INFO django.server:213 "GET /django-admin/core/systemsetting/ HTTP/1.1" 200 18521
[2025-12-14 19:02:48,202] INFO django.server:213 "POST /api/posts/71/generate_image/ HTTP/1.1" 200 114
[2025-12-14 19:02:52,092] INFO django.server:213 "GET /api/posts/71/ HTTP/1.1" 200 1885
[2025-12-14 19:09:57,604] INFO django.server:213 "GET /django-admin/core/systemsetting/?o=0 HTTP/1.1" 200 18564
[2025-12-14 19:09:57,604] INFO django.server:81 - Broken pipe from ('127.0.0.1', 54383)
[2025-12-14 19:10:00,047] INFO django.server:213 "GET /django-admin/core/systemsetting/1/change/?_changelist_filters=o%3D0 HTTP/1.1" 200 27653
[2025-12-14 19:10:00,219] INFO django.server:213 "GET /django-admin/jsi18n/ HTTP/1.1" 200 3342
[2025-12-14 19:16:00,554] INFO django.server:213 "POST /django-admin/core/systemsetting/1/change/?_changelist_filters=o%3D0 HTTP/1.1" 302 0
[2025-12-14 19:16:00,961] INFO django.server:213 "GET /django-admin/core/systemsetting/1/change/?_changelist_filters=o%3D0 HTTP/1.1" 200 27911
[2025-12-14 19:16:01,184] INFO django.server:213 "GET /django-admin/jsi18n/ HTTP/1.1" 200 3342
[2025-12-14 19:16:19,182] INFO django.server:213 "GET /django-admin/core/systemsetting/1/change/ HTTP/1.1" 200 27591
[2025-12-14 19:16:19,365] INFO django.server:213 "GET /django-admin/jsi18n/ HTTP/1.1" 200 3342
[2025-12-14 19:18:41,930] INFO django.server:213 "POST /django-admin/core/systemsetting/1/change/ HTTP/1.1" 302 0
[2025-12-14 19:18:42,262] INFO django.server:213 "GET /django-admin/core/systemsetting/1/change/ HTTP/1.1" 200 27849
[2025-12-14 19:18:42,450] INFO django.server:213 "GET /django-admin/jsi18n/ HTTP/1.1" 200 3342
[2025-12-14 19:18:47,815] INFO django.server:213 "GET /django-admin/core/systemsetting/1/change/ HTTP/1.1" 200 27591
[2025-12-14 19:18:48,032] INFO django.server:213 "GET /django-admin/jsi18n/ HTTP/1.1" 200 3342
[2025-12-14 19:19:47,847] INFO django.server:213 "POST /api/posts/71/generate_image/ HTTP/1.1" 200 114
[2025-12-14 19:19:51,366] INFO django.server:213 "GET /api/posts/71/ HTTP/1.1" 200 1885
[2025-12-14 19:21:48,558] INFO django.server:213 "POST /django-admin/core/systemsetting/1/change/ HTTP/1.1" 302 0
[2025-12-14 19:21:49,026] INFO django.server:213 "GET /django-admin/core/systemsetting/ HTTP/1.1" 200 18521
[2025-12-14 19:22:44,635] INFO django.server:213 "GET /django-admin/core/systemsetting/1/change/ HTTP/1.1" 200 27591
[2025-12-14 19:22:44,865] INFO django.server:213 "GET /django-admin/jsi18n/ HTTP/1.1" 200 3342
[2025-12-14 19:41:01,323] WARNING django.server:213 "GET /api/client/info/ HTTP/1.1" 401 172
[2025-12-14 19:41:01,323] WARNING django.server:213 "GET /api/client/info/ HTTP/1.1" 401 172
[2025-12-14 19:41:01,324] WARNING django.server:213 "GET /api/client/info/ HTTP/1.1" 401 172
[2025-12-14 19:41:01,324] WARNING django.server:213 "GET /api/client/info/ HTTP/1.1" 401 172
[2025-12-14 19:41:01,324] WARNING django.server:213 "GET /api/client/info/ HTTP/1.1" 401 172
[2025-12-14 19:41:01,324] WARNING django.server:213 "GET /api/posts/71/ HTTP/1.1" 401 172
[2025-12-14 19:41:01,349] WARNING django.server:213 "GET /api/posts/71/ HTTP/1.1" 401 172
[2025-12-14 19:41:01,358] WARNING django.server:213 "GET /api/schedules/?post=71 HTTP/1.1" 401 172
[2025-12-14 19:41:01,360] INFO django.server:213 "OPTIONS /api/auth/refresh/ HTTP/1.1" 200 0
[2025-12-14 19:41:01,364] WARNING django.server:213 "GET /api/schedules/?post=71 HTTP/1.1" 401 172
[2025-12-14 19:41:01,367] WARNING django.server:213 "GET /api/posts/71/ HTTP/1.1" 401 172
[2025-12-14 19:41:01,889] INFO django.server:213 "POST /api/auth/refresh/ HTTP/1.1" 200 244
[2025-12-14 19:41:02,114] INFO django.server:213 "GET /api/client/info/ HTTP/1.1" 200 74
[2025-12-14 19:41:02,474] INFO django.server:213 "GET /api/client/info/ HTTP/1.1" 200 74
[2025-12-14 19:41:02,480] INFO django.server:213 "GET /api/client/info/ HTTP/1.1" 200 74
[2025-12-14 19:41:02,484] INFO django.server:213 "GET /api/client/info/ HTTP/1.1" 200 74
[2025-12-14 19:41:02,535] INFO django.server:213 "GET /api/posts/71/ HTTP/1.1" 200 1885
[2025-12-14 19:41:02,671] INFO django.server:213 "GET /api/posts/71/ HTTP/1.1" 200 1885
[2025-12-14 19:41:02,673] INFO django.server:213 "GET /api/schedules/?post=71 HTTP/1.1" 200 2
[2025-12-14 19:41:02,676] INFO django.server:213 "GET /api/client/info/ HTTP/1.1" 200 74
[2025-12-14 19:41:02,688] INFO django.server:213 "GET /api/schedules/?post=71 HTTP/1.1" 200 2
[2025-12-14 19:41:02,920] INFO django.server:213 "GET /api/posts/71/ HTTP/1.1" 200 1885
[2025-12-14 19:42:08,619] INFO django.server:213 "GET /api/client/info/ HTTP/1.1" 200 74
[2025-12-14 19:42:08,619] INFO django.server:213 "GET /api/client/info/ HTTP/1.1" 200 74
[2025-12-14 19:42:08,628] INFO django.server:213 "GET /api/client/info/ HTTP/1.1" 200 74
[2025-12-14 19:42:08,646] INFO django.server:213 "GET /api/client/info/ HTTP/1.1" 200 74
[2025-12-14 19:42:08,817] INFO django.server:213 "GET /api/client/info/ HTTP/1.1" 200 74
[2025-12-14 19:42:08,817] INFO django.server:213 "GET /api/schedules/?post=71 HTTP/1.1" 200 2
[2025-12-14 19:42:08,817] INFO django.server:213 "GET /api/posts/71/ HTTP/1.1" 200 1885
[2025-12-14 19:42:08,844] INFO django.server:213 "GET /api/posts/71/ HTTP/1.1" 200 1885
[2025-12-14 19:42:08,865] INFO django.server:213 "GET /api/schedules/?post=71 HTTP/1.1" 200 2
[2025-12-14 19:42:09,058] INFO django.server:213 "GET /api/posts/71/ HTTP/1.1" 200 1885
[2025-12-14 19:42:10,721] INFO django.server:213 "POST /api/posts/71/generate_image/ HTTP/1.1" 200 114
[2025-12-14 19:42:14,574] INFO django.server:213 "GET /api/posts/71/ HTTP/1.1" 200 1885
[2025-12-14 19:47:45,181] INFO django.server:213 "POST /api/posts/71/generate_image/ HTTP/1.1" 200 114
[2025-12-14 19:47:49,039] INFO django.server:213 "GET /api/posts/71/ HTTP/1.1" 200 1885
[2025-12-14 19:52:25,642] INFO django.server:213 "POST /api/posts/71/generate_image/ HTTP/1.1" 200 114
[2025-12-14 19:52:29,488] INFO django.server:213 "GET /api/posts/71/ HTTP/1.1" 200 1885
[2025-12-14 19:54:32,735] INFO django.server:213 "POST /api/posts/71/generate_image/ HTTP/1.1" 200 114
[2025-12-14 19:54:36,202] INFO django.server:213 "GET /api/posts/71/ HTTP/1.1" 200 1885
[2025-12-14 19:55:24,497] INFO django.server:213 "GET /api/client/info/ HTTP/1.1" 200 74
[2025-12-14 19:55:24,510] INFO django.server:213 "GET /api/schedules/?post=71 HTTP/1.1" 200 2
[2025-12-14 19:55:24,511] INFO django.server:213 "GET /api/client/info/ HTTP/1.1" 200 74
[2025-12-14 19:55:24,524] INFO django.server:213 "GET /api/client/info/ HTTP/1.1" 200 74
[2025-12-14 19:55:24,710] INFO django.server:213 "GET /api/posts/71/ HTTP/1.1" 200 2074
[2025-12-14 19:55:24,711] INFO django.server:213 "GET /api/client/info/ HTTP/1.1" 200 74
[2025-12-14 19:55:24,717] INFO django.server:213 "GET /api/client/info/ HTTP/1.1" 200 74
[2025-12-14 19:55:24,724] INFO django.server:213 "GET /api/posts/71/ HTTP/1.1" 200 2074
[2025-12-14 19:55:24,742] INFO django.server:213 "GET /api/schedules/?post=71 HTTP/1.1" 200 2
[2025-12-14 19:55:24,758] INFO django.server:213 "GET /media/post_images/post_71_43ab8516.jpg HTTP/1.1" 200 88356
[2025-12-14 19:55:24,940] INFO django.server:213 "GET /api/posts/71/ HTTP/1.1" 200 2074
[2025-12-14 19:56:45,246] INFO django.server:213 "POST /api/posts/71/generate_image/ HTTP/1.1" 200 114
[2025-12-14 19:56:49,055] INFO django.server:213 "GET /api/posts/71/ HTTP/1.1" 200 2074
[2025-12-14 20:06:37,121] INFO django.server:213 "GET /api/client/info/ HTTP/1.1" 200 74
[2025-12-14 20:06:37,124] INFO django.server:213 "GET /api/client/info/ HTTP/1.1" 200 74
[2025-12-14 20:06:37,124] INFO django.server:213 "GET /api/client/info/ HTTP/1.1" 200 74
[2025-12-14 20:06:37,131] INFO django.server:213 "GET /api/client/info/ HTTP/1.1" 200 74
[2025-12-14 20:06:37,274] INFO django.server:213 "GET /api/posts/71/ HTTP/1.1" 200 2264
[2025-12-14 20:06:37,328] INFO django.server:213 "GET /api/posts/71/ HTTP/1.1" 200 2264
[2025-12-14 20:06:37,333] INFO django.server:213 "GET /api/client/info/ HTTP/1.1" 200 74
[2025-12-14 20:06:37,335] INFO django.server:213 "GET /api/schedules/?post=71 HTTP/1.1" 200 2
[2025-12-14 20:06:37,348] INFO django.server:213 "GET /media/post_images/post_71_43ab8516.jpg HTTP/1.1" 200 88356
[2025-12-14 20:06:37,352] INFO django.server:213 "GET /media/post_images/post_71_42e6cf0a.jpg HTTP/1.1" 200 76013
[2025-12-14 20:06:37,550] INFO django.server:213 "GET /api/posts/71/ HTTP/1.1" 200 2264
[2025-12-14 20:06:37,553] INFO django.server:213 "GET /api/schedules/?post=71 HTTP/1.1" 200 2
[2025-12-14 20:06:51,647] INFO django.server:213 "POST /api/posts/71/generate_image/ HTTP/1.1" 200 114
[2025-12-14 20:06:55,099] INFO django.server:213 "GET /api/posts/71/ HTTP/1.1" 200 2264
[2025-12-14 20:08:46,212] INFO django.server:213 "GET /api/client/info/ HTTP/1.1" 200 74
[2025-12-14 20:08:46,224] INFO django.server:213 "GET /api/client/info/ HTTP/1.1" 200 74
[2025-12-14 20:08:46,227] INFO django.server:213 "GET /api/client/info/ HTTP/1.1" 200 74
[2025-12-14 20:08:46,230] INFO django.server:213 "GET /api/client/info/ HTTP/1.1" 200 74
[2025-12-14 20:08:46,413] INFO django.server:213 "GET /api/posts/71/ HTTP/1.1" 200 2454
[2025-12-14 20:08:46,418] INFO django.server:213 "GET /api/schedules/?post=71 HTTP/1.1" 200 2
[2025-12-14 20:08:46,425] INFO django.server:213 "GET /api/schedules/?post=71 HTTP/1.1" 200 2
[2025-12-14 20:08:46,427] INFO django.server:213 "GET /api/client/info/ HTTP/1.1" 200 74
[2025-12-14 20:08:46,441] INFO django.server:213 "GET /api/posts/71/ HTTP/1.1" 200 2454
[2025-12-14 20:08:46,452] INFO django.server:213 "GET /media/post_images/post_71_e39e35fa.jpg HTTP/1.1" 200 71194
[2025-12-14 20:08:46,453] INFO django.server:213 "GET /media/post_images/post_71_43ab8516.jpg HTTP/1.1" 200 88356
[2025-12-14 20:08:46,454] INFO django.server:213 "GET /media/post_images/post_71_42e6cf0a.jpg HTTP/1.1" 200 76013
[2025-12-14 20:08:46,643] INFO django.server:213 "GET /api/posts/71/ HTTP/1.1" 200 2454
[2025-12-14 20:08:55,376] INFO django.server:213 "POST /api/posts/71/generate_image/ HTTP/1.1" 200 114
[2025-12-14 20:08:59,249] INFO django.server:213 "GET /api/posts/71/ HTTP/1.1" 200 2454
[2025-12-14 20:09:41,580] INFO django.server:213 "GET /api/client/info/ HTTP/1.1" 200 74
[2025-12-14 20:09:41,581] INFO django.server:213 "GET /api/client/info/ HTTP/1.1" 200 74
[2025-12-14 20:09:41,587] INFO django.server:213 "GET /api/schedules/?post=71 HTTP/1.1" 200 2
[2025-12-14 20:09:41,644] INFO django.server:213 "GET /api/schedules/?post=71 HTTP/1.1" 200 2
[2025-12-14 20:09:41,797] INFO django.server:213 "GET /api/client/info/ HTTP/1.1" 200 74
[2025-12-14 20:09:41,801] INFO django.server:213 "GET /api/client/info/ HTTP/1.1" 200 74
[2025-12-14 20:09:41,801] INFO django.server:213 "GET /api/client/info/ HTTP/1.1" 200 74
[2025-12-14 20:09:41,811] INFO django.server:213 "GET /api/posts/71/ HTTP/1.1" 200 2454
[2025-12-14 20:09:41,846] INFO django.server:213 "GET /media/post_images/post_71_e39e35fa.jpg HTTP/1.1" 200 71194
[2025-12-14 20:09:41,846] INFO django.server:213 "GET /media/post_images/post_71_42e6cf0a.jpg HTTP/1.1" 200 76013
[2025-12-14 20:09:41,849] INFO django.server:213 "GET /media/post_images/post_71_43ab8516.jpg HTTP/1.1" 200 88356
[2025-12-14 20:09:42,037] INFO django.server:213 "GET /api/posts/71/ HTTP/1.1" 200 2454
[2025-12-14 20:09:42,088] INFO django.server:213 "GET /api/posts/71/ HTTP/1.1" 200 2454
[2025-12-14 20:10:11,809] INFO django.server:213 "GET /api/client/info/ HTTP/1.1" 200 74
[2025-12-14 20:10:11,856] INFO django.server:213 "GET /api/client/info/ HTTP/1.1" 200 74
[2025-12-14 20:10:11,861] INFO django.server:213 "GET /api/client/info/ HTTP/1.1" 200 74
[2025-12-14 20:10:11,866] INFO django.server:213 "GET /api/schedules/?post=71 HTTP/1.1" 200 2
[2025-12-14 20:10:12,030] INFO django.server:213 "GET /api/client/info/ HTTP/1.1" 200 74
[2025-12-14 20:10:12,077] INFO django.server:213 "GET /api/client/info/ HTTP/1.1" 200 74
[2025-12-14 20:10:12,078] INFO django.server:213 "GET /api/posts/71/ HTTP/1.1" 200 2644
[2025-12-14 20:10:12,078] INFO django.server:213 "GET /api/schedules/?post=71 HTTP/1.1" 200 2
[2025-12-14 20:10:12,247] INFO django.server:213 "GET /api/posts/71/ HTTP/1.1" 200 2644
[2025-12-14 20:10:12,285] INFO django.server:213 "GET /media/post_images/post_71_42e6cf0a.jpg HTTP/1.1" 200 76013
[2025-12-14 20:10:12,286] INFO django.server:213 "GET /media/post_images/post_71_734d6e09.jpg HTTP/1.1" 200 71216
[2025-12-14 20:10:12,287] INFO django.server:213 "GET /media/post_images/post_71_e39e35fa.jpg HTTP/1.1" 200 71194
[2025-12-14 20:10:12,287] INFO django.server:213 "GET /media/post_images/post_71_43ab8516.jpg HTTP/1.1" 200 88356
[2025-12-14 20:10:12,296] INFO django.server:213 "GET /api/posts/71/ HTTP/1.1" 200 2644
[2025-12-14 20:17:01,534] WARNING django.server:213 "GET /api/schedules/?post=71 HTTP/1.1" 401 172
[2025-12-14 20:17:01,534] WARNING django.server:213 "GET /api/posts/71/ HTTP/1.1" 401 172
[2025-12-14 20:17:01,542] INFO django.server:213 "OPTIONS /api/auth/refresh/ HTTP/1.1" 200 0
[2025-12-14 20:17:02,092] INFO django.server:213 "POST /api/auth/refresh/ HTTP/1.1" 200 244
[2025-12-14 20:17:02,652] INFO django.server:213 "GET /api/schedules/?post=71 HTTP/1.1" 200 2
[2025-12-14 20:17:02,690] INFO django.server:213 "GET /api/posts/71/ HTTP/1.1" 200 2644
[2025-12-14 20:17:10,897] INFO django.server:213 "GET /api/schedules/?post=71 HTTP/1.1" 200 2
[2025-12-14 20:17:11,066] INFO django.server:213 "GET /api/posts/71/ HTTP/1.1" 200 2644
[2025-12-14 20:17:19,495] INFO django.server:213 "GET /api/schedules/?post=71 HTTP/1.1" 200 2
[2025-12-14 20:17:19,742] INFO django.server:213 "GET /api/posts/71/ HTTP/1.1" 200 2644
[2025-12-14 20:17:24,999] INFO django.server:213 "GET /api/schedules/?post=71 HTTP/1.1" 200 2
[2025-12-14 20:17:25,155] INFO django.server:213 "GET /api/posts/71/ HTTP/1.1" 200 2644
[2025-12-14 20:18:46,023] INFO django.server:213 "GET /api/client/info/ HTTP/1.1" 200 74
[2025-12-14 20:18:46,024] INFO django.server:213 "GET /api/client/info/ HTTP/1.1" 200 74
[2025-12-14 20:18:46,026] INFO django.server:213 "GET /api/client/info/ HTTP/1.1" 200 74
[2025-12-14 20:18:46,028] INFO django.server:213 "GET /api/client/info/ HTTP/1.1" 200 74
[2025-12-14 20:18:46,213] INFO django.server:213 "GET /api/posts/71/ HTTP/1.1" 200 2644
[2025-12-14 20:18:46,223] INFO django.server:213 "GET /api/schedules/?post=71 HTTP/1.1" 200 2
[2025-12-14 20:18:46,225] INFO django.server:213 "GET /api/client/info/ HTTP/1.1" 200 74
[2025-12-14 20:18:46,239] INFO django.server:213 "GET /api/schedules/?post=71 HTTP/1.1" 200 2
[2025-12-14 20:18:46,249] INFO django.server:213 "GET /api/posts/71/ HTTP/1.1" 200 2644
[2025-12-14 20:18:46,299] INFO django.server:213 "GET /media/post_images/post_71_e39e35fa.jpg HTTP/1.1" 200 71194
[2025-12-14 20:18:46,301] INFO django.server:213 "GET /media/post_images/post_71_43ab8516.jpg HTTP/1.1" 200 88356
[2025-12-14 20:18:46,303] INFO django.server:213 "GET /media/post_images/post_71_734d6e09.jpg HTTP/1.1" 200 71216
[2025-12-14 20:18:46,304] INFO django.server:213 "GET /media/post_images/post_71_42e6cf0a.jpg HTTP/1.1" 200 76013
[2025-12-14 20:18:46,426] INFO django.server:213 "GET /api/posts/71/ HTTP/1.1" 200 2644
[2025-12-14 20:18:59,501] INFO django.server:213 "OPTIONS /api/posts/71/delete_image/?image_id=3 HTTP/1.1" 200 0
[2025-12-14 20:19:00,341] INFO django.server:213 "DELETE /api/posts/71/delete_image/?image_id=3 HTTP/1.1" 200 55
[2025-12-14 20:19:00,817] INFO django.server:213 "GET /api/posts/71/ HTTP/1.1" 200 2454
[2025-12-14 20:19:13,104] INFO django.server:213 "OPTIONS /api/posts/71/delete_image/?image_id=4 HTTP/1.1" 200 0
[2025-12-14 20:19:13,858] INFO django.server:213 "DELETE /api/posts/71/delete_image/?image_id=4 HTTP/1.1" 200 55
[2025-12-14 20:19:14,304] INFO django.server:213 "GET /api/posts/71/ HTTP/1.1" 200 2264
[2025-12-14 20:21:27,217] INFO django.server:213 "GET /api/schedules/?post=71 HTTP/1.1" 200 2
[2025-12-14 20:21:27,412] INFO django.server:213 "GET /api/posts/71/ HTTP/1.1" 200 2264
[2025-12-14 20:21:29,547] INFO django.server:213 "GET /api/client/info/ HTTP/1.1" 200 74
[2025-12-14 20:21:29,566] INFO django.server:213 "GET /api/schedules/?post=71 HTTP/1.1" 200 2
[2025-12-14 20:21:29,579] INFO django.server:213 "GET /api/client/info/ HTTP/1.1" 200 74
[2025-12-14 20:21:29,781] INFO django.server:213 "GET /api/posts/71/ HTTP/1.1" 200 2264
[2025-12-14 20:21:29,825] INFO django.server:213 "GET /media/post_images/post_71_734d6e09.jpg HTTP/1.1" 200 71216
[2025-12-14 20:21:29,827] INFO django.server:213 "GET /media/post_images/post_71_43ab8516.jpg HTTP/1.1" 200 88356
[2025-12-14 20:21:34,281] INFO django.server:213 "GET /api/schedules/?post=71 HTTP/1.1" 200 2
[2025-12-14 20:21:34,421] INFO django.server:213 "GET /api/posts/71/ HTTP/1.1" 200 2264
[2025-12-14 20:21:52,895] INFO django.server:213 "GET /api/schedules/?post=71 HTTP/1.1" 200 2
[2025-12-14 20:21:53,009] INFO django.server:213 "GET /api/posts/71/ HTTP/1.1" 200 2264
[2025-12-14 20:22:40,410] INFO django.server:213 "GET /api/schedules/?post=71 HTTP/1.1" 200 2
[2025-12-14 20:22:40,439] INFO django.server:213 "GET /api/client/info/ HTTP/1.1" 200 74
[2025-12-14 20:22:40,604] INFO django.server:213 "GET /api/client/info/ HTTP/1.1" 200 74
[2025-12-14 20:22:40,611] INFO django.server:213 "GET /api/client/info/ HTTP/1.1" 200 74
[2025-12-14 20:22:40,678] INFO django.server:213 "GET /api/client/info/ HTTP/1.1" 200 74
[2025-12-14 20:22:40,718] INFO django.server:213 "GET /api/posts/71/ HTTP/1.1" 200 2264
[2025-12-14 20:22:40,765] INFO django.server:213 "GET /media/post_images/post_71_43ab8516.jpg HTTP/1.1" 200 88356
[2025-12-14 20:22:40,765] INFO django.server:213 "GET /media/post_images/post_71_734d6e09.jpg HTTP/1.1" 200 71216
[2025-12-14 20:22:40,807] INFO django.server:213 "GET /api/client/info/ HTTP/1.1" 200 74
[2025-12-14 20:22:40,824] INFO django.server:213 "GET /api/schedules/?post=71 HTTP/1.1" 200 2
[2025-12-14 20:22:40,827] INFO django.server:213 "GET /api/posts/71/ HTTP/1.1" 200 2264
[2025-12-14 20:22:41,013] INFO django.server:213 "GET /api/posts/71/ HTTP/1.1" 200 2264
[2025-12-14 20:22:44,095] INFO django.server:213 "GET /media/post_images/post_71_43ab8516.jpg HTTP/1.1" 200 88356
[2025-12-14 20:23:17,841] INFO django.server:213 "GET /api/schedules/?post=71 HTTP/1.1" 200 2
[2025-12-14 20:23:18,074] INFO django.server:213 "GET /api/posts/71/ HTTP/1.1" 200 2264
[2025-12-14 20:23:36,497] INFO django.server:213 "GET /api/schedules/?post=71 HTTP/1.1" 200 2
[2025-12-14 20:23:36,707] INFO django.server:213 "GET /api/posts/71/ HTTP/1.1" 200 2264
[2025-12-14 20:27:24,623] INFO django.server:213 "GET /api/schedules/?post=71 HTTP/1.1" 200 2
[2025-12-14 20:27:24,632] INFO django.server:213 "GET /api/schedules/?post=71 HTTP/1.1" 200 2
[2025-12-14 20:27:24,633] INFO django.server:213 "GET /api/client/info/ HTTP/1.1" 200 74
[2025-12-14 20:27:24,633] INFO django.server:213 "GET /api/client/info/ HTTP/1.1" 200 74
[2025-12-14 20:27:24,643] INFO django.server:213 "GET /api/client/info/ HTTP/1.1" 200 74
[2025-12-14 20:27:24,646] INFO django.server:213 "GET /api/client/info/ HTTP/1.1" 200 74
[2025-12-14 20:27:24,864] INFO django.server:213 "GET /api/client/info/ HTTP/1.1" 200 74
[2025-12-14 20:27:25,072] INFO django.server:213 "GET /api/posts/71/ HTTP/1.1" 200 2264
[2025-12-14 20:27:25,073] INFO django.server:213 "GET /api/posts/71/ HTTP/1.1" 200 2264
[2025-12-14 20:27:25,077] INFO django.server:213 "GET /api/posts/71/ HTTP/1.1" 200 2264
[2025-12-14 20:27:25,136] INFO django.server:213 "GET /media/post_images/post_71_734d6e09.jpg HTTP/1.1" 200 71216
[2025-12-14 20:27:25,138] INFO django.server:213 "GET /media/post_images/post_71_43ab8516.jpg HTTP/1.1" 200 88356
[2025-12-14 20:27:30,331] INFO django.server:213 "GET /media/post_images/post_71_43ab8516.jpg HTTP/1.1" 200 88356
[2025-12-14 20:30:12,196] INFO django.server:213 "GET /api/schedules/?post=71 HTTP/1.1" 200 2
[2025-12-14 20:30:12,397] INFO django.server:213 "GET /api/posts/71/ HTTP/1.1" 200 2264
[2025-12-14 20:30:29,600] INFO django.server:213 "GET /api/schedules/?post=71 HTTP/1.1" 200 2
[2025-12-14 20:30:29,816] INFO django.server:213 "GET /api/posts/71/ HTTP/1.1" 200 2264
[2025-12-14 20:31:50,444] INFO django.server:213 "GET /api/schedules/?post=71 HTTP/1.1" 200 2
[2025-12-14 20:31:50,445] INFO django.server:213 "GET /api/client/info/ HTTP/1.1" 200 74
[2025-12-14 20:31:50,459] INFO django.server:213 "GET /api/client/info/ HTTP/1.1" 200 74
[2025-12-14 20:31:50,500] INFO django.server:213 "GET /api/client/info/ HTTP/1.1" 200 74
[2025-12-14 20:31:50,636] INFO django.server:213 "GET /api/client/info/ HTTP/1.1" 200 74
[2025-12-14 20:31:50,639] INFO django.server:213 "GET /api/client/info/ HTTP/1.1" 200 74
[2025-12-14 20:31:50,664] INFO django.server:213 "GET /api/posts/71/ HTTP/1.1" 200 2264
[2025-12-14 20:31:50,707] INFO django.server:213 "GET /media/post_images/post_71_43ab8516.jpg HTTP/1.1" 200 88356
[2025-12-14 20:31:50,708] INFO django.server:213 "GET /media/post_images/post_71_734d6e09.jpg HTTP/1.1" 200 71216
[2025-12-14 20:31:50,725] INFO django.server:213 "GET /api/posts/71/ HTTP/1.1" 200 2264
[2025-12-14 20:31:50,725] INFO django.server:213 "GET /api/schedules/?post=71 HTTP/1.1" 200 2
[2025-12-14 20:31:50,878] INFO django.server:213 "GET /api/posts/71/ HTTP/1.1" 200 2264
[2025-12-14 20:31:54,080] INFO django.server:213 "GET /media/post_images/post_71_43ab8516.jpg HTTP/1.1" 200 88356
[2025-12-14 20:32:05,001] INFO django.server:213 "GET /media/post_images/post_71_734d6e09.jpg HTTP/1.1" 200 71216
[2025-12-14 20:47:01,568] WARNING django.server:213 "GET /api/schedules/?post=71 HTTP/1.1" 401 172
[2025-12-14 20:47:01,570] WARNING django.server:213 "GET /api/client/info/ HTTP/1.1" 401 172
[2025-12-14 20:47:01,572] WARNING django.server:213 "GET /api/posts/71/ HTTP/1.1" 401 172
[2025-12-14 20:47:01,573] WARNING django.server:213 "GET /api/client/info/ HTTP/1.1" 401 172
[2025-12-14 20:47:01,745] INFO django.server:213 "OPTIONS /api/auth/refresh/ HTTP/1.1" 200 0
[2025-12-14 20:47:02,629] INFO django.server:213 "POST /api/auth/refresh/ HTTP/1.1" 200 244
[2025-12-14 20:47:02,939] INFO django.server:213 "GET /api/client/info/ HTTP/1.1" 200 74
[2025-12-14 20:47:03,234] INFO django.server:213 "GET /api/client/info/ HTTP/1.1" 200 74
[2025-12-14 20:47:03,234] INFO django.server:213 "GET /api/schedules/?post=71 HTTP/1.1" 200 2
[2025-12-14 20:47:03,619] INFO django.server:213 "GET /api/posts/71/ HTTP/1.1" 200 2264
[2025-12-14 20:47:03,645] INFO django.server:213 "GET /media/post_images/post_71_43ab8516.jpg HTTP/1.1" 200 88356
[2025-12-14 20:47:03,646] INFO django.server:213 "GET /media/post_images/post_71_734d6e09.jpg HTTP/1.1" 200 71216
[2025-12-14 20:47:09,729] INFO django.server:213 "GET /api/schedules/?post=71 HTTP/1.1" 200 2
[2025-12-14 20:47:09,926] INFO django.server:213 "GET /api/posts/71/ HTTP/1.1" 200 2264
[2025-12-14 20:47:19,398] INFO django.server:213 "GET /api/schedules/?post=71 HTTP/1.1" 200 2
[2025-12-14 20:47:19,678] INFO django.server:213 "GET /api/posts/71/ HTTP/1.1" 200 2264
[2025-12-14 20:48:17,696] INFO django.server:213 "GET /api/client/info/ HTTP/1.1" 200 74
[2025-12-14 20:48:17,700] INFO django.server:213 "GET /api/client/info/ HTTP/1.1" 200 74
[2025-12-14 20:48:17,700] INFO django.server:213 "GET /api/client/info/ HTTP/1.1" 200 74
[2025-12-14 20:48:17,722] INFO django.server:213 "GET /api/client/info/ HTTP/1.1" 200 74
[2025-12-14 20:48:17,902] INFO django.server:213 "GET /api/client/info/ HTTP/1.1" 200 74
[2025-12-14 20:48:17,918] INFO django.server:213 "GET /api/schedules/?post=71 HTTP/1.1" 200 2
[2025-12-14 20:48:17,943] INFO django.server:213 "GET /api/posts/71/ HTTP/1.1" 200 2264
[2025-12-14 20:48:17,944] INFO django.server:213 "GET /api/posts/71/ HTTP/1.1" 200 2264
[2025-12-14 20:48:17,950] INFO django.server:213 "GET /api/schedules/?post=71 HTTP/1.1" 200 2
[2025-12-14 20:48:18,001] INFO django.server:213 "GET /media/post_images/post_71_43ab8516.jpg HTTP/1.1" 200 88356
[2025-12-14 20:48:18,003] INFO django.server:213 "GET /media/post_images/post_71_734d6e09.jpg HTTP/1.1" 200 71216
[2025-12-14 20:48:18,135] INFO django.server:213 "GET /api/posts/71/ HTTP/1.1" 200 2264
[2025-12-14 20:48:25,631] INFO django.server:213 "POST /api/posts/71/generate_image/ HTTP/1.1" 200 114
[2025-12-14 20:48:29,415] INFO django.server:213 "GET /api/posts/71/ HTTP/1.1" 200 2264
[2025-12-14 20:53:24,747] INFO django.server:213 "GET /api/templates/ HTTP/1.1" 200 21633
[2025-12-14 20:53:24,747] INFO django.server:213 "GET /api/templates/ HTTP/1.1" 200 21633
[2025-12-14 20:53:25,643] INFO django.server:213 "GET /api/posts/ HTTP/1.1" 200 2517
[2025-12-14 20:53:25,643] INFO django.server:213 "GET /api/posts/ HTTP/1.1" 200 2517
[2025-12-14 20:53:30,071] INFO django.server:213 "GET /api/schedules/?post=70 HTTP/1.1" 200 2
[2025-12-14 20:53:30,076] INFO django.server:213 "GET /api/client/info/ HTTP/1.1" 200 74
[2025-12-14 20:53:30,086] INFO django.server:213 "GET /api/client/info/ HTTP/1.1" 200 74
[2025-12-14 20:53:30,090] INFO django.server:213 "GET /api/client/info/ HTTP/1.1" 200 74
[2025-12-14 20:53:30,275] INFO django.server:213 "GET /api/client/info/ HTTP/1.1" 200 74
[2025-12-14 20:53:30,275] INFO django.server:213 "GET /api/client/info/ HTTP/1.1" 200 74
[2025-12-14 20:53:30,287] INFO django.server:213 "GET /api/schedules/?post=70 HTTP/1.1" 200 2
[2025-12-14 20:53:30,353] INFO django.server:213 "GET /api/posts/70/ HTTP/1.1" 200 2542
[2025-12-14 20:53:30,496] INFO django.server:213 "GET /api/posts/70/ HTTP/1.1" 200 2542
[2025-12-14 20:53:30,496] INFO django.server:213 "GET /api/posts/70/ HTTP/1.1" 200 2542
[2025-12-14 20:53:33,259] INFO django.server:213 "POST /api/posts/70/generate_image/ HTTP/1.1" 200 114
[2025-12-14 20:53:36,717] INFO django.server:213 "GET /api/posts/70/ HTTP/1.1" 200 2542
[2025-12-14 20:57:16,582] INFO django.server:213 "POST /api/posts/70/generate_image/ HTTP/1.1" 200 114
[2025-12-14 20:57:20,415] INFO django.server:213 "GET /api/posts/70/ HTTP/1.1" 200 2542
[2025-12-14 21:04:14,750] INFO django.server:213 "GET /api/client/info/ HTTP/1.1" 200 74
[2025-12-14 21:04:14,756] INFO django.server:213 "GET /api/schedules/?post=70 HTTP/1.1" 200 2
[2025-12-14 21:04:14,960] INFO django.server:213 "GET /api/client/info/ HTTP/1.1" 200 74
[2025-12-14 21:04:14,982] INFO django.server:213 "GET /api/posts/70/ HTTP/1.1" 200 2542
[2025-12-14 21:04:16,887] INFO django.server:213 "GET /api/schedules/?post=70 HTTP/1.1" 200 2
[2025-12-14 21:04:17,107] INFO django.server:213 "GET /api/posts/70/ HTTP/1.1" 200 2542
[2025-12-14 21:04:24,185] INFO django.server:213 "GET /api/schedules/?post=70 HTTP/1.1" 200 2
[2025-12-14 21:04:24,377] INFO django.server:213 "GET /api/posts/70/ HTTP/1.1" 200 2542
[2025-12-14 21:04:31,507] INFO django.server:213 "GET /api/schedules/?post=70 HTTP/1.1" 200 2
[2025-12-14 21:04:31,712] INFO django.server:213 "GET /api/posts/70/ HTTP/1.1" 200 2542
[2025-12-14 21:04:53,958] INFO django.server:213 "GET /api/schedules/?post=70 HTTP/1.1" 200 2
[2025-12-14 21:04:54,143] INFO django.server:213 "GET /api/posts/70/ HTTP/1.1" 200 2542
[2025-12-14 21:06:18,052] INFO django.server:213 "GET /api/client/info/ HTTP/1.1" 200 74
[2025-12-14 21:06:18,052] INFO django.server:213 "GET /api/client/info/ HTTP/1.1" 200 74
[2025-12-14 21:06:18,062] INFO django.server:213 "GET /api/client/info/ HTTP/1.1" 200 74
[2025-12-14 21:06:18,063] INFO django.server:213 "GET /api/client/info/ HTTP/1.1" 200 74
[2025-12-14 21:06:18,255] INFO django.server:213 "GET /api/client/info/ HTTP/1.1" 200 74
[2025-12-14 21:06:18,256] INFO django.server:213 "GET /api/schedules/?post=70 HTTP/1.1" 200 2
[2025-12-14 21:06:18,274] INFO django.server:213 "GET /api/posts/70/ HTTP/1.1" 200 2542
[2025-12-14 21:06:18,278] INFO django.server:213 "GET /api/posts/70/ HTTP/1.1" 200 2542
[2025-12-14 21:06:18,278] INFO django.server:213 "GET /api/schedules/?post=70 HTTP/1.1" 200 2
[2025-12-14 21:06:18,470] INFO django.server:213 "GET /api/posts/70/ HTTP/1.1" 200 2542
[2025-12-14 21:06:22,495] INFO django.server:213 "GET /api/templates/ HTTP/1.1" 200 21633
[2025-12-14 21:06:22,495] INFO django.server:213 "GET /api/templates/ HTTP/1.1" 200 21633
[2025-12-14 21:06:23,417] INFO django.server:213 "GET /api/posts/ HTTP/1.1" 200 2517
[2025-12-14 21:06:23,418] INFO django.server:213 "GET /api/posts/ HTTP/1.1" 200 2517
[2025-12-14 21:06:31,369] INFO django.server:213 "OPTIONS /api/posts/plan-weekly/ HTTP/1.1" 200 0
[2025-12-14 21:06:32,095] INFO django.server:213 "POST /api/posts/plan-weekly/ HTTP/1.1" 200 161
[2025-12-14 21:06:33,361] INFO django.server:213 "GET /api/posts/ HTTP/1.1" 200 2517
[2025-12-14 21:06:38,418] INFO django.server:213 "GET /api/posts/ HTTP/1.1" 200 2517
[2025-12-14 21:06:43,387] INFO django.server:213 "GET /api/posts/ HTTP/1.1" 200 2517
[2025-12-14 21:06:48,567] INFO django.server:213 "GET /api/posts/ HTTP/1.1" 200 2738
[2025-12-14 21:07:20,374] INFO django.server:213 "GET /api/client/info/ HTTP/1.1" 200 74
[2025-12-14 21:07:20,388] INFO django.server:213 "GET /api/client/info/ HTTP/1.1" 200 74
[2025-12-14 21:07:20,396] INFO django.server:213 "GET /api/schedules/?post=72 HTTP/1.1" 200 260
[2025-12-14 21:07:20,401] INFO django.server:213 "GET /api/client/info/ HTTP/1.1" 200 74
[2025-12-14 21:07:20,564] INFO django.server:213 "GET /api/client/info/ HTTP/1.1" 200 74
[2025-12-14 21:07:20,588] INFO django.server:213 "GET /api/client/info/ HTTP/1.1" 200 74
[2025-12-14 21:07:20,593] INFO django.server:213 "GET /api/schedules/?post=72 HTTP/1.1" 200 260
[2025-12-14 21:07:20,605] INFO django.server:213 "GET /api/posts/72/ HTTP/1.1" 200 1509
[2025-12-14 21:07:20,771] INFO django.server:213 "GET /api/posts/72/ HTTP/1.1" 200 1509
[2025-12-14 21:07:20,775] INFO django.server:213 "GET /api/posts/72/ HTTP/1.1" 200 1509
[2025-12-14 21:09:26,290] INFO django.server:213 "POST /api/posts/72/generate_image/ HTTP/1.1" 200 114
[2025-12-14 21:09:30,113] INFO django.server:213 "GET /api/posts/72/ HTTP/1.1" 200 1509
[2025-12-14 21:12:48,769] INFO django.server:213 "GET /api/schedules/?post=72 HTTP/1.1" 200 260
[2025-12-14 21:12:48,773] INFO django.server:213 "GET /api/client/info/ HTTP/1.1" 200 74
[2025-12-14 21:12:48,814] INFO django.server:213 "GET /api/client/info/ HTTP/1.1" 200 74
[2025-12-14 21:12:48,815] INFO django.server:213 "GET /api/client/info/ HTTP/1.1" 200 74
[2025-12-14 21:12:48,978] INFO django.server:213 "GET /api/client/info/ HTTP/1.1" 200 74
[2025-12-14 21:12:48,981] INFO django.server:213 "GET /api/posts/72/ HTTP/1.1" 200 1698
[2025-12-14 21:12:48,984] INFO django.server:213 "GET /api/client/info/ HTTP/1.1" 200 74
[2025-12-14 21:12:49,020] INFO django.server:213 "GET /media/post_images/post_72_8ba3e1bc.jpg HTTP/1.1" 200 131677
[2025-12-14 21:12:49,046] INFO django.server:213 "GET /api/schedules/?post=72 HTTP/1.1" 200 260
[2025-12-14 21:12:49,262] INFO django.server:213 "GET /api/posts/72/ HTTP/1.1" 200 1698
[2025-12-14 21:12:49,529] INFO django.server:213 "GET /api/posts/72/ HTTP/1.1" 200 1698
[2025-12-14 21:12:53,291] INFO django.server:213 "POST /api/posts/72/generate_image/ HTTP/1.1" 200 114
[2025-12-14 21:12:56,704] INFO django.server:213 "GET /api/posts/72/ HTTP/1.1" 200 1698
[2025-12-14 21:16:03,030] INFO django.server:213 "GET /api/schedules/?post=72 HTTP/1.1" 200 260
[2025-12-14 21:16:03,213] INFO django.server:213 "GET /api/posts/72/ HTTP/1.1" 200 1888
[2025-12-14 21:16:03,272] INFO django.server:213 "GET /media/post_images/post_72_f79be2ac.jpg HTTP/1.1" 200 105132
[2025-12-14 21:16:18,573] INFO django.server:213 "GET /api/client/info/ HTTP/1.1" 200 74
[2025-12-14 21:16:18,583] INFO django.server:213 "GET /api/client/info/ HTTP/1.1" 200 74
[2025-12-14 21:16:18,633] INFO django.server:213 "GET /api/schedules/?post=72 HTTP/1.1" 200 260
[2025-12-14 21:16:18,873] INFO django.server:213 "GET /api/posts/72/ HTTP/1.1" 200 1888
[2025-12-14 21:16:18,945] INFO django.server:213 "GET /media/post_images/post_72_f79be2ac.jpg HTTP/1.1" 200 105132
[2025-12-14 21:16:18,954] INFO django.server:213 "GET /media/post_images/post_72_8ba3e1bc.jpg HTTP/1.1" 200 131677
[2025-12-14 21:16:24,872] INFO django.server:213 "GET /api/client/info/ HTTP/1.1" 200 74
[2025-12-14 21:16:24,923] INFO django.server:213 "GET /api/client/info/ HTTP/1.1" 200 74
[2025-12-14 21:16:25,064] INFO django.server:213 "GET /api/posts/72/ HTTP/1.1" 200 1888
[2025-12-14 21:16:25,087] INFO django.server:213 "GET /media/post_images/post_72_8ba3e1bc.jpg HTTP/1.1" 200 131677
[2025-12-14 21:16:25,089] INFO django.server:213 "GET /media/post_images/post_72_f79be2ac.jpg HTTP/1.1" 200 105132
[2025-12-14 21:16:25,107] INFO django.server:213 "GET /api/schedules/?post=72 HTTP/1.1" 200 260
[2025-12-14 21:16:42,839] INFO django.server:213 "GET /api/schedules/?post=72 HTTP/1.1" 200 260
[2025-12-14 21:16:43,077] INFO django.server:213 "GET /api/posts/72/ HTTP/1.1" 200 1888
[2025-12-14 21:16:50,032] INFO django.server:213 "GET /api/client/info/ HTTP/1.1" 200 74
[2025-12-14 21:16:50,047] INFO django.server:213 "GET /api/client/info/ HTTP/1.1" 200 74
[2025-12-14 21:16:50,253] INFO django.server:213 "GET /api/schedules/?post=72 HTTP/1.1" 200 260
[2025-12-14 21:16:50,263] INFO django.server:213 "GET /api/posts/72/ HTTP/1.1" 200 1888
[2025-12-14 21:16:50,287] INFO django.server:213 "GET /media/post_images/post_72_f79be2ac.jpg HTTP/1.1" 200 105132
[2025-12-14 21:16:50,287] INFO django.server:213 "GET /media/post_images/post_72_8ba3e1bc.jpg HTTP/1.1" 200 131677
[2025-12-14 21:21:17,172] INFO django.server:213 "POST /django-admin/core/systemsetting/1/change/ HTTP/1.1" 302 0
[2025-12-14 21:21:17,570] INFO django.server:213 "GET /django-admin/core/systemsetting/1/change/ HTTP/1.1" 200 27849
[2025-12-14 21:21:17,780] INFO django.server:213 "GET /django-admin/jsi18n/ HTTP/1.1" 200 3342
[2025-12-14 21:22:34,100] WARNING django.server:213 "GET /api/client/info/ HTTP/1.1" 401 172
[2025-12-14 21:22:34,100] WARNING django.server:213 "GET /api/client/info/ HTTP/1.1" 401 172
[2025-12-14 21:22:34,100] WARNING django.server:213 "GET /api/posts/72/ HTTP/1.1" 401 172
[2025-12-14 21:22:34,101] WARNING django.server:213 "GET /api/client/info/ HTTP/1.1" 401 172
[2025-12-14 21:22:34,101] WARNING django.server:213 "GET /api/client/info/ HTTP/1.1" 401 172
[2025-12-14 21:22:34,101] WARNING django.server:213 "GET /api/posts/72/ HTTP/1.1" 401 172
[2025-12-14 21:22:34,109] WARNING django.server:213 "GET /api/client/info/ HTTP/1.1" 401 172
[2025-12-14 21:22:34,111] WARNING django.server:213 "GET /api/schedules/?post=72 HTTP/1.1" 401 172
[2025-12-14 21:22:34,113] INFO django.server:213 "OPTIONS /api/auth/refresh/ HTTP/1.1" 200 0
[2025-12-14 21:22:34,113] WARNING django.server:213 "GET /api/schedules/?post=72 HTTP/1.1" 401 172
[2025-12-14 21:22:34,115] WARNING django.server:213 "GET /api/posts/72/ HTTP/1.1" 401 172
[2025-12-14 21:22:34,678] INFO django.server:213 "POST /api/auth/refresh/ HTTP/1.1" 200 244
[2025-12-14 21:22:34,890] INFO django.server:213 "GET /api/client/info/ HTTP/1.1" 200 74
[2025-12-14 21:22:35,095] INFO django.server:213 "GET /api/client/info/ HTTP/1.1" 200 74
[2025-12-14 21:22:35,235] INFO django.server:213 "GET /api/client/info/ HTTP/1.1" 200 74
[2025-12-14 21:22:35,240] INFO django.server:213 "GET /api/client/info/ HTTP/1.1" 200 74
[2025-12-14 21:22:35,241] INFO django.server:213 "GET /api/client/info/ HTTP/1.1" 200 74
[2025-12-14 21:22:35,306] INFO django.server:213 "GET /api/schedules/?post=72 HTTP/1.1" 200 260
[2025-12-14 21:22:35,429] INFO django.server:213 "GET /api/posts/72/ HTTP/1.1" 200 1888
[2025-12-14 21:22:35,433] INFO django.server:213 "GET /api/posts/72/ HTTP/1.1" 200 1888
[2025-12-14 21:22:35,433] INFO django.server:213 "GET /api/schedules/?post=72 HTTP/1.1" 200 260
[2025-12-14 21:22:35,646] INFO django.server:213 "GET /api/posts/72/ HTTP/1.1" 200 1888
[2025-12-14 21:22:35,684] INFO django.server:213 "GET /media/post_images/post_72_f79be2ac.jpg HTTP/1.1" 200 105132
[2025-12-14 21:22:35,691] INFO django.server:213 "GET /media/post_images/post_72_8ba3e1bc.jpg HTTP/1.1" 200 131677
[2025-12-14 21:22:44,473] INFO django.server:213 "POST /api/auth/logout/ HTTP/1.1" 200 16
[2025-12-14 21:22:48,741] WARNING django.server:213 "GET /api/auth/telegram HTTP/1.1" 401 0
[2025-12-14 21:22:48,742] WARNING django.server:213 "GET /api/auth/telegram HTTP/1.1" 401 0
[2025-12-14 21:22:49,877] INFO django.server:213 "OPTIONS /api/auth/telegram HTTP/1.1" 200 0
[2025-12-14 21:22:50,497] INFO django.server:213 "PUT /api/auth/telegram HTTP/1.1" 200 160
[2025-12-14 21:22:55,695] INFO django.server:213 "GET /api/templates/ HTTP/1.1" 200 21633
[2025-12-14 21:22:55,700] INFO django.server:213 "GET /api/templates/ HTTP/1.1" 200 21633
[2025-12-14 21:22:56,670] INFO django.server:213 "GET /api/posts/ HTTP/1.1" 200 2738
[2025-12-14 21:22:56,755] INFO django.server:213 "GET /api/posts/ HTTP/1.1" 200 2738
[2025-12-14 21:23:02,966] INFO django.server:213 "GET /api/schedules/?post=72 HTTP/1.1" 200 260
[2025-12-14 21:23:02,992] INFO django.server:213 "GET /api/client/info/ HTTP/1.1" 200 74
[2025-12-14 21:23:02,993] INFO django.server:213 "GET /api/client/info/ HTTP/1.1" 200 74
[2025-12-14 21:23:02,993] INFO django.server:213 "GET /api/client/info/ HTTP/1.1" 200 74
[2025-12-14 21:23:03,147] INFO django.server:213 "GET /api/client/info/ HTTP/1.1" 200 74
[2025-12-14 21:23:03,155] INFO django.server:213 "GET /api/posts/72/ HTTP/1.1" 200 1888
[2025-12-14 21:23:03,202] INFO django.server:213 "GET /api/client/info/ HTTP/1.1" 200 74
[2025-12-14 21:23:03,203] INFO django.server:213 "GET /api/schedules/?post=72 HTTP/1.1" 200 260
[2025-12-14 21:23:03,206] INFO django.server:213 "GET /api/posts/72/ HTTP/1.1" 200 1888
[2025-12-14 21:23:03,234] INFO django.server:213 "GET /media/post_images/post_72_f79be2ac.jpg HTTP/1.1" 200 105132
[2025-12-14 21:23:03,236] INFO django.server:213 "GET /media/post_images/post_72_8ba3e1bc.jpg HTTP/1.1" 200 131677
[2025-12-14 21:23:03,414] INFO django.server:213 "GET /api/posts/72/ HTTP/1.1" 200 1888
[2025-12-14 21:23:07,829] INFO django.server:213 "POST /api/posts/72/generate_image/ HTTP/1.1" 200 118
[2025-12-14 21:23:13,648] INFO django.server:213 "GET /api/posts/72/ HTTP/1.1" 200 1888
[2025-12-14 21:23:18,290] INFO django.server:213 "GET /api/posts/72/ HTTP/1.1" 200 1888
[2025-12-14 21:23:23,326] INFO django.server:213 "GET /api/posts/72/ HTTP/1.1" 200 1888
[2025-12-14 21:23:28,369] INFO django.server:213 "GET /api/posts/72/ HTTP/1.1" 200 1888
[2025-12-14 21:23:33,296] INFO django.server:213 "GET /api/posts/72/ HTTP/1.1" 200 1888
[2025-12-14 21:23:38,282] INFO django.server:213 "GET /api/posts/72/ HTTP/1.1" 200 1888
[2025-12-14 21:23:43,289] INFO django.server:213 "GET /api/posts/72/ HTTP/1.1" 200 1888
[2025-12-14 21:23:48,295] INFO django.server:213 "GET /api/posts/72/ HTTP/1.1" 200 1888
[2025-12-14 21:23:53,333] INFO django.server:213 "GET /api/posts/72/ HTTP/1.1" 200 1888
[2025-12-14 21:23:58,250] INFO django.server:213 "GET /api/posts/72/ HTTP/1.1" 200 1888
[2025-12-14 21:24:03,292] INFO django.server:213 "GET /api/posts/72/ HTTP/1.1" 200 1888
[2025-12-14 21:24:08,286] INFO django.server:213 "GET /api/posts/72/ HTTP/1.1" 200 1888
[2025-12-14 21:24:14,249] INFO django.server:213 "GET /api/posts/72/ HTTP/1.1" 200 1888
[2025-12-14 21:24:18,677] INFO django.server:213 "GET /api/posts/72/ HTTP/1.1" 200 1888
[2025-12-14 21:24:23,606] INFO django.server:213 "GET /api/posts/72/ HTTP/1.1" 200 1888
[2025-12-14 21:24:28,614] INFO django.server:213 "GET /api/posts/72/ HTTP/1.1" 200 1888
[2025-12-14 21:24:33,723] INFO django.server:213 "GET /api/posts/72/ HTTP/1.1" 200 1888
[2025-12-14 21:24:38,650] INFO django.server:213 "GET /api/posts/72/ HTTP/1.1" 200 1888
[2025-12-14 21:24:43,601] INFO django.server:213 "GET /api/posts/72/ HTTP/1.1" 200 1888
[2025-12-14 21:24:48,819] INFO django.server:81 - Broken pipe from ('127.0.0.1', 60516)
[2025-12-14 21:24:49,905] INFO django.server:213 "GET /api/schedules/?post=72 HTTP/1.1" 200 260
[2025-12-14 21:24:49,905] INFO django.server:213 "GET /api/client/info/ HTTP/1.1" 200 74
[2025-12-14 21:24:49,936] INFO django.server:213 "GET /api/client/info/ HTTP/1.1" 200 74
[2025-12-14 21:24:49,959] INFO django.server:213 "GET /api/client/info/ HTTP/1.1" 200 74
[2025-12-14 21:24:50,108] INFO django.server:213 "GET /api/schedules/?post=72 HTTP/1.1" 200 260
[2025-12-14 21:24:50,108] INFO django.server:213 "GET /api/posts/72/ HTTP/1.1" 200 1888
[2025-12-14 21:24:50,151] INFO django.server:213 "GET /api/client/info/ HTTP/1.1" 200 74
[2025-12-14 21:24:50,166] INFO django.server:213 "GET /api/posts/72/ HTTP/1.1" 200 1888
[2025-12-14 21:24:50,176] INFO django.server:213 "GET /api/client/info/ HTTP/1.1" 200 74
[2025-12-14 21:24:50,201] INFO django.server:213 "GET /media/post_images/post_72_f79be2ac.jpg HTTP/1.1" 200 105132
[2025-12-14 21:24:50,202] INFO django.server:213 "GET /media/post_images/post_72_8ba3e1bc.jpg HTTP/1.1" 200 131677
[2025-12-14 21:24:50,305] INFO django.server:213 "GET /api/posts/72/ HTTP/1.1" 200 1888
[2025-12-14 21:25:06,583] INFO django.server:213 "GET /api/social-accounts/ HTTP/1.1" 200 169
[2025-12-14 21:31:21,257] INFO django.server:213 "GET /api/client/info/ HTTP/1.1" 200 74
[2025-12-14 21:31:21,258] INFO django.server:213 "GET /api/client/info/ HTTP/1.1" 200 74
[2025-12-14 21:31:21,258] INFO django.server:213 "GET /api/client/info/ HTTP/1.1" 200 74
[2025-12-14 21:31:21,336] INFO django.server:213 "GET /api/client/info/ HTTP/1.1" 200 74
[2025-12-14 21:31:21,457] INFO django.server:213 "GET /api/client/info/ HTTP/1.1" 200 74
[2025-12-14 21:31:21,478] INFO django.server:213 "GET /api/schedules/?post=72 HTTP/1.1" 200 260
[2025-12-14 21:31:21,482] INFO django.server:213 "GET /api/posts/72/ HTTP/1.1" 200 1888
[2025-12-14 21:31:21,488] INFO django.server:213 "GET /api/posts/72/ HTTP/1.1" 200 1888
[2025-12-14 21:31:21,527] INFO django.server:213 "GET /media/post_images/post_72_8ba3e1bc.jpg HTTP/1.1" 200 131677
[2025-12-14 21:31:21,528] INFO django.server:213 "GET /media/post_images/post_72_f79be2ac.jpg HTTP/1.1" 200 105132
[2025-12-14 21:31:21,544] INFO django.server:213 "GET /api/schedules/?post=72 HTTP/1.1" 200 260
[2025-12-14 21:31:21,705] INFO django.server:213 "GET /api/posts/72/ HTTP/1.1" 200 1888
[2025-12-14 21:43:00,607] ERROR django.server:213 "POST /api/posts/72/generate_image/ HTTP/1.1" 500 114086
[2025-12-14 21:46:47,273] ERROR django.server:213 "POST /api/posts/72/generate_image/ HTTP/1.1" 500 114086
[2025-12-14 21:47:33,865] ERROR django.server:213 "POST /api/posts/72/generate_image/ HTTP/1.1" 500 114086
[2025-12-14 21:58:35,204] WARNING django.server:213 "POST /api/posts/72/generate_image/ HTTP/1.1" 401 172
[2025-12-14 21:58:35,217] INFO django.server:213 "OPTIONS /api/auth/refresh/ HTTP/1.1" 200 0
[2025-12-14 21:58:35,800] INFO django.server:213 "POST /api/auth/refresh/ HTTP/1.1" 200 244
[2025-12-14 21:58:36,287] INFO django.server:213 "POST /api/posts/72/generate_image/ HTTP/1.1" 200 118
[2025-12-14 21:58:42,118] INFO django.server:213 "GET /api/posts/72/ HTTP/1.1" 200 1888
[2025-12-14 21:58:47,095] INFO django.server:213 "GET /api/posts/72/ HTTP/1.1" 200 1888
[2025-12-14 21:58:52,083] INFO django.server:213 "GET /api/posts/72/ HTTP/1.1" 200 1888
[2025-12-14 21:58:57,095] INFO django.server:213 "GET /api/posts/72/ HTTP/1.1" 200 1888
[2025-12-14 21:59:02,111] INFO django.server:213 "GET /api/posts/72/ HTTP/1.1" 200 1888
[2025-12-14 21:59:07,115] INFO django.server:213 "GET /api/posts/72/ HTTP/1.1" 200 1888
[2025-12-14 21:59:12,215] INFO django.server:213 "GET /api/posts/72/ HTTP/1.1" 200 1888
[2025-12-14 21:59:17,358] INFO django.server:213 "GET /api/posts/72/ HTTP/1.1" 200 1888
[2025-12-14 21:59:22,130] INFO django.server:213 "GET /api/posts/72/ HTTP/1.1" 200 1888
[2025-12-14 21:59:27,219] INFO django.server:213 "GET /api/posts/72/ HTTP/1.1" 200 1888
[2025-12-14 21:59:32,213] INFO django.server:213 "GET /api/posts/72/ HTTP/1.1" 200 1888
[2025-12-14 21:59:37,242] INFO django.server:213 "GET /api/posts/72/ HTTP/1.1" 200 1888
[2025-12-14 21:59:42,035] INFO django.server:213 "GET /api/posts/72/ HTTP/1.1" 200 1888
[2025-12-14 21:59:47,129] INFO django.server:213 "GET /api/posts/72/ HTTP/1.1" 200 1888
[2025-12-14 21:59:52,114] INFO django.server:213 "GET /api/posts/72/ HTTP/1.1" 200 1888
[2025-12-14 21:59:57,035] INFO django.server:213 "GET /api/posts/72/ HTTP/1.1" 200 1888
[2025-12-14 22:00:02,121] INFO django.server:213 "GET /api/posts/72/ HTTP/1.1" 200 1888
[2025-12-14 22:00:07,147] INFO django.server:213 "GET /api/posts/72/ HTTP/1.1" 200 1888
[2025-12-14 22:00:12,150] INFO django.server:213 "GET /api/posts/72/ HTTP/1.1" 200 1888
[2025-12-14 22:00:17,054] INFO django.server:213 "GET /api/posts/72/ HTTP/1.1" 200 1888
[2025-12-14 22:00:22,111] INFO django.server:213 "GET /api/posts/72/ HTTP/1.1" 200 1888
[2025-12-14 22:00:27,128] INFO django.server:213 "GET /api/posts/72/ HTTP/1.1" 200 1888
[2025-12-14 22:00:32,129] INFO django.server:213 "GET /api/posts/72/ HTTP/1.1" 200 1888
[2025-12-14 22:00:37,402] INFO django.server:213 "GET /api/posts/72/ HTTP/1.1" 200 1888
[2025-12-14 22:00:42,088] INFO django.server:213 "GET /api/posts/72/ HTTP/1.1" 200 1888
[2025-12-14 22:00:47,174] INFO django.server:213 "GET /api/posts/72/ HTTP/1.1" 200 1888
[2025-12-14 22:00:52,193] INFO django.server:213 "GET /api/posts/72/ HTTP/1.1" 200 1888
[2025-12-14 22:00:57,067] INFO django.server:213 "GET /api/posts/72/ HTTP/1.1" 200 1888
[2025-12-14 22:01:02,045] INFO django.server:213 "GET /api/posts/72/ HTTP/1.1" 200 1888
[2025-12-14 22:01:07,061] INFO django.server:213 "GET /api/posts/72/ HTTP/1.1" 200 1888
[2025-12-14 22:01:12,110] INFO django.server:213 "GET /api/posts/72/ HTTP/1.1" 200 1888
[2025-12-14 22:01:17,073] INFO django.server:213 "GET /api/posts/72/ HTTP/1.1" 200 1888
[2025-12-14 22:01:22,060] INFO django.server:213 "GET /api/posts/72/ HTTP/1.1" 200 1888
[2025-12-14 22:01:27,078] INFO django.server:213 "GET /api/posts/72/ HTTP/1.1" 200 1888
[2025-12-14 22:01:32,092] INFO django.server:213 "GET /api/posts/72/ HTTP/1.1" 200 1888
[2025-12-14 22:01:37,126] INFO django.server:213 "GET /api/posts/72/ HTTP/1.1" 200 1888
[2025-12-14 22:01:42,133] INFO django.server:213 "GET /api/posts/72/ HTTP/1.1" 200 1888
[2025-12-14 22:01:47,056] INFO django.server:213 "GET /api/posts/72/ HTTP/1.1" 200 1888
[2025-12-14 22:01:53,489] INFO django.server:213 "GET /api/client/info/ HTTP/1.1" 200 74
[2025-12-14 22:01:53,490] INFO django.server:213 "GET /api/client/info/ HTTP/1.1" 200 74
[2025-12-14 22:01:53,496] INFO django.server:213 "GET /api/client/info/ HTTP/1.1" 200 74
[2025-12-14 22:01:53,839] INFO django.server:213 "GET /api/client/info/ HTTP/1.1" 200 74
[2025-12-14 22:01:53,886] INFO django.server:213 "GET /api/posts/72/ HTTP/1.1" 200 1888
[2025-12-14 22:01:53,891] INFO django.server:213 "GET /api/schedules/?post=72 HTTP/1.1" 200 260
[2025-12-14 22:01:53,891] INFO django.server:213 "GET /api/posts/72/ HTTP/1.1" 200 1888
[2025-12-14 22:01:53,891] INFO django.server:213 "GET /api/client/info/ HTTP/1.1" 200 74
[2025-12-14 22:01:54,005] INFO django.server:213 "GET /media/post_images/post_72_f79be2ac.jpg HTTP/1.1" 200 105132
[2025-12-14 22:01:54,005] INFO django.server:213 "GET /media/post_images/post_72_8ba3e1bc.jpg HTTP/1.1" 200 131677
[2025-12-14 22:01:54,053] INFO django.server:213 "GET /api/schedules/?post=72 HTTP/1.1" 200 260
[2025-12-14 22:01:54,102] INFO django.server:213 "GET /api/posts/72/ HTTP/1.1" 200 1888
[2025-12-14 22:01:57,720] INFO django.server:213 "POST /api/posts/72/generate_image/ HTTP/1.1" 200 118
[2025-12-14 22:02:03,554] INFO django.server:213 "GET /api/posts/72/ HTTP/1.1" 200 1888
[2025-12-14 22:02:08,164] INFO django.server:213 "GET /api/posts/72/ HTTP/1.1" 200 1888
[2025-12-14 22:02:13,516] INFO django.server:213 "GET /api/posts/72/ HTTP/1.1" 200 1888
[2025-12-14 22:02:18,161] INFO django.server:213 "GET /api/posts/72/ HTTP/1.1" 200 1888
[2025-12-14 22:02:23,497] INFO django.server:213 "GET /api/posts/72/ HTTP/1.1" 200 1888
[2025-12-14 22:02:28,250] INFO django.server:213 "GET /api/posts/72/ HTTP/1.1" 200 1888
[2025-12-14 22:02:33,146] INFO django.server:213 "GET /api/posts/72/ HTTP/1.1" 200 1888
[2025-12-14 22:02:38,494] INFO django.server:213 "GET /api/posts/72/ HTTP/1.1" 200 1888
[2025-12-14 22:02:43,155] INFO django.server:213 "GET /api/posts/72/ HTTP/1.1" 200 1888
[2025-12-14 22:02:48,521] INFO django.server:213 "GET /api/posts/72/ HTTP/1.1" 200 1888
[2025-12-14 22:02:53,170] INFO django.server:213 "GET /api/posts/72/ HTTP/1.1" 200 1888
[2025-12-14 22:02:58,481] INFO django.server:213 "GET /api/posts/72/ HTTP/1.1" 200 1888
[2025-12-14 22:03:03,120] INFO django.server:213 "GET /api/posts/72/ HTTP/1.1" 200 1888
[2025-12-14 22:03:08,621] INFO django.server:213 "GET /api/posts/72/ HTTP/1.1" 200 1888
[2025-12-14 22:03:13,165] INFO django.server:213 "GET /api/posts/72/ HTTP/1.1" 200 1888
[2025-12-14 22:03:18,587] INFO django.server:213 "GET /api/posts/72/ HTTP/1.1" 200 1888
[2025-12-14 22:03:23,161] INFO django.server:213 "GET /api/posts/72/ HTTP/1.1" 200 1888
[2025-12-14 22:03:28,486] INFO django.server:213 "GET /api/posts/72/ HTTP/1.1" 200 1888
[2025-12-14 22:03:33,135] INFO django.server:213 "GET /api/posts/72/ HTTP/1.1" 200 1888
[2025-12-14 22:03:38,486] INFO django.server:213 "GET /api/posts/72/ HTTP/1.1" 200 1888
[2025-12-14 22:03:43,154] INFO django.server:213 "GET /api/posts/72/ HTTP/1.1" 200 1888
[2025-12-14 22:03:48,529] INFO django.server:213 "GET /api/posts/72/ HTTP/1.1" 200 1888
[2025-12-14 22:03:53,151] INFO django.server:213 "GET /api/posts/72/ HTTP/1.1" 200 1888
[2025-12-14 22:03:58,551] INFO django.server:213 "GET /api/posts/72/ HTTP/1.1" 200 1888
[2025-12-14 22:04:03,149] INFO django.server:213 "GET /api/posts/72/ HTTP/1.1" 200 1888
[2025-12-14 22:04:08,611] INFO django.server:213 "GET /api/posts/72/ HTTP/1.1" 200 1888
[2025-12-14 22:04:13,151] INFO django.server:213 "GET /api/posts/72/ HTTP/1.1" 200 1888
[2025-12-14 22:04:18,569] INFO django.server:213 "GET /api/posts/72/ HTTP/1.1" 200 1888
[2025-12-14 22:04:23,196] INFO django.server:213 "GET /api/posts/72/ HTTP/1.1" 200 1888
[2025-12-14 22:04:28,562] INFO django.server:213 "GET /api/posts/72/ HTTP/1.1" 200 1888
[2025-12-14 22:04:33,176] INFO django.server:213 "GET /api/posts/72/ HTTP/1.1" 200 1888
[2025-12-14 22:04:38,590] INFO django.server:213 "GET /api/posts/72/ HTTP/1.1" 200 1888
[2025-12-14 22:04:43,157] INFO django.server:213 "GET /api/posts/72/ HTTP/1.1" 200 1888
[2025-12-14 22:04:48,606] INFO django.server:213 "GET /api/posts/72/ HTTP/1.1" 200 1888
[2025-12-14 22:04:53,146] INFO django.server:213 "GET /api/posts/72/ HTTP/1.1" 200 1888
[2025-12-14 22:04:58,648] INFO django.server:213 "GET /api/posts/72/ HTTP/1.1" 200 1888
[2025-12-14 22:05:03,238] INFO django.server:213 "GET /api/posts/72/ HTTP/1.1" 200 1888
[2025-12-14 22:05:08,948] INFO django.server:213 "GET /api/posts/72/ HTTP/1.1" 200 1888
[2025-12-14 22:05:13,152] INFO django.server:213 "GET /api/posts/72/ HTTP/1.1" 200 1888
[2025-12-14 22:05:18,531] INFO django.server:213 "GET /api/posts/72/ HTTP/1.1" 200 1888
[2025-12-14 22:05:23,184] INFO django.server:213 "GET /api/posts/72/ HTTP/1.1" 200 1888
[2025-12-14 22:05:28,560] INFO django.server:213 "GET /api/posts/72/ HTTP/1.1" 200 1888
[2025-12-14 22:05:33,524] INFO django.server:213 "GET /api/posts/72/ HTTP/1.1" 200 1888
[2025-12-14 22:05:38,247] INFO django.server:213 "GET /api/posts/72/ HTTP/1.1" 200 1888
[2025-12-14 22:05:43,462] INFO django.server:213 "GET /api/posts/72/ HTTP/1.1" 200 1888
[2025-12-14 22:05:48,115] INFO django.server:213 "GET /api/posts/72/ HTTP/1.1" 200 1888
[2025-12-14 22:05:53,529] INFO django.server:213 "GET /api/posts/72/ HTTP/1.1" 200 1888
[2025-12-14 22:05:58,141] INFO django.server:213 "GET /api/posts/72/ HTTP/1.1" 200 1888
[2025-12-14 22:06:03,510] INFO django.server:213 "GET /api/posts/72/ HTTP/1.1" 200 1888
[2025-12-14 22:06:08,320] INFO django.server:213 "GET /api/posts/72/ HTTP/1.1" 200 1888
[2025-12-14 22:06:13,366] INFO django.server:213 "GET /api/posts/72/ HTTP/1.1" 200 1888
[2025-12-14 22:06:18,176] INFO django.server:213 "GET /api/posts/72/ HTTP/1.1" 200 1888
[2025-12-14 22:06:23,676] INFO django.server:213 "GET /api/posts/72/ HTTP/1.1" 200 1888
[2025-12-14 22:06:28,182] INFO django.server:213 "GET /api/posts/72/ HTTP/1.1" 200 1888
[2025-12-14 22:06:33,499] INFO django.server:213 "GET /api/posts/72/ HTTP/1.1" 200 1888
[2025-12-14 22:06:38,206] INFO django.server:213 "GET /api/posts/72/ HTTP/1.1" 200 1888
[2025-12-14 22:06:43,485] INFO django.server:213 "GET /api/posts/72/ HTTP/1.1" 200 1888
[2025-12-14 22:06:48,184] INFO django.server:213 "GET /api/posts/72/ HTTP/1.1" 200 1888
[2025-12-14 22:06:53,612] INFO django.server:213 "GET /api/posts/72/ HTTP/1.1" 200 1888
[2025-12-14 22:06:58,206] INFO django.server:213 "GET /api/posts/72/ HTTP/1.1" 200 1888
[2025-12-14 22:07:56,354] INFO django.server:213 "POST /api/posts/72/generate_image/ HTTP/1.1" 200 118
[2025-12-14 22:08:02,227] INFO django.server:213 "GET /api/posts/72/ HTTP/1.1" 200 1888
[2025-12-14 22:08:07,118] INFO django.server:213 "GET /api/posts/72/ HTTP/1.1" 200 1888
[2025-12-14 22:08:12,104] INFO django.server:213 "GET /api/posts/72/ HTTP/1.1" 200 1888
[2025-12-14 22:08:17,125] INFO django.server:213 "GET /api/posts/72/ HTTP/1.1" 200 1888
[2025-12-14 22:08:22,179] INFO django.server:213 "GET /api/posts/72/ HTTP/1.1" 200 1888
[2025-12-14 22:08:27,186] INFO django.server:213 "GET /api/posts/72/ HTTP/1.1" 200 1888
[2025-12-14 22:08:32,751] INFO django.server:213 "GET /api/client/info/ HTTP/1.1" 200 74
[2025-12-14 22:08:32,791] INFO django.server:213 "GET /api/client/info/ HTTP/1.1" 200 74
[2025-12-14 22:08:32,791] INFO django.server:213 "GET /api/client/info/ HTTP/1.1" 200 74
[2025-12-14 22:08:32,813] INFO django.server:213 "GET /api/client/info/ HTTP/1.1" 200 74
[2025-12-14 22:08:32,813] INFO django.server:213 "GET /api/schedules/?post=72 HTTP/1.1" 200 260
[2025-12-14 22:08:32,814] INFO django.server:213 "GET /api/schedules/?post=72 HTTP/1.1" 200 260
[2025-12-14 22:08:32,994] INFO django.server:213 "GET /api/client/info/ HTTP/1.1" 200 74
[2025-12-14 22:08:33,161] INFO django.server:213 "GET /api/posts/72/ HTTP/1.1" 200 1888
[2025-12-14 22:08:33,205] INFO django.server:213 "GET /api/posts/72/ HTTP/1.1" 200 1888
[2025-12-14 22:08:33,205] INFO django.server:213 "GET /api/posts/72/ HTTP/1.1" 200 1888
[2025-12-14 22:08:33,215] INFO django.server:213 "GET /media/post_images/post_72_f79be2ac.jpg HTTP/1.1" 200 105132
[2025-12-14 22:08:33,216] INFO django.server:213 "GET /media/post_images/post_72_8ba3e1bc.jpg HTTP/1.1" 200 131677
[2025-12-14 22:08:36,093] INFO django.server:213 "POST /api/posts/72/generate_image/ HTTP/1.1" 200 118
[2025-12-14 22:08:41,928] INFO django.server:213 "GET /api/posts/72/ HTTP/1.1" 200 1888
[2025-12-14 22:08:46,924] INFO django.server:213 "GET /api/posts/72/ HTTP/1.1" 200 1888
[2025-12-14 22:08:51,922] INFO django.server:213 "GET /api/posts/72/ HTTP/1.1" 200 1888
[2025-12-14 22:08:56,941] INFO django.server:213 "GET /api/posts/72/ HTTP/1.1" 200 1888
[2025-12-14 22:09:01,920] INFO django.server:213 "GET /api/posts/72/ HTTP/1.1" 200 1888
[2025-12-14 22:09:06,902] INFO django.server:213 "GET /api/posts/72/ HTTP/1.1" 200 1888
[2025-12-14 22:09:11,900] INFO django.server:213 "GET /api/posts/72/ HTTP/1.1" 200 1888
[2025-12-14 22:09:16,924] INFO django.server:213 "GET /api/posts/72/ HTTP/1.1" 200 2078
[2025-12-14 22:09:17,020] INFO django.server:213 "GET /media/post_images/post_72_3eb27c64.jpg HTTP/1.1" 200 207904
[2025-12-14 22:10:23,929] INFO django.server:213 "OPTIONS /api/posts/72/delete_image/?image_id=8 HTTP/1.1" 200 0
[2025-12-14 22:10:24,694] INFO django.server:213 "DELETE /api/posts/72/delete_image/?image_id=8 HTTP/1.1" 200 55
[2025-12-14 22:10:25,118] INFO django.server:213 "GET /api/posts/72/ HTTP/1.1" 200 1888
[2025-12-14 22:10:58,232] INFO django.server:213 "POST /api/posts/72/generate_image/ HTTP/1.1" 200 118
[2025-12-14 22:11:04,032] INFO django.server:213 "GET /api/posts/72/ HTTP/1.1" 200 1888
[2025-12-14 22:11:08,719] INFO django.server:213 "GET /api/posts/72/ HTTP/1.1" 200 1888
[2025-12-14 22:11:13,670] INFO django.server:213 "GET /api/posts/72/ HTTP/1.1" 200 1888
[2025-12-14 22:11:18,662] INFO django.server:213 "GET /api/posts/72/ HTTP/1.1" 200 1888
[2025-12-14 22:11:23,676] INFO django.server:213 "GET /api/posts/72/ HTTP/1.1" 200 1888
[2025-12-14 22:11:28,663] INFO django.server:213 "GET /api/posts/72/ HTTP/1.1" 200 1888
[2025-12-14 22:11:33,695] INFO django.server:213 "GET /api/posts/72/ HTTP/1.1" 200 1888
[2025-12-14 22:11:38,650] INFO django.server:213 "GET /api/posts/72/ HTTP/1.1" 200 1888
[2025-12-14 22:11:43,652] INFO django.server:213 "GET /api/posts/72/ HTTP/1.1" 200 1888
[2025-12-14 22:11:48,666] INFO django.server:213 "GET /api/posts/72/ HTTP/1.1" 200 1888
[2025-12-14 22:11:53,661] INFO django.server:213 "GET /api/posts/72/ HTTP/1.1" 200 1888
[2025-12-14 22:11:58,681] INFO django.server:213 "GET /api/posts/72/ HTTP/1.1" 200 1888
[2025-12-14 22:12:03,680] INFO django.server:213 "GET /api/posts/72/ HTTP/1.1" 200 1888
[2025-12-14 22:12:08,724] INFO django.server:213 "GET /api/posts/72/ HTTP/1.1" 200 1888
[2025-12-14 22:12:13,686] INFO django.server:213 "GET /api/posts/72/ HTTP/1.1" 200 1888
[2025-12-14 22:12:18,647] INFO django.server:213 "GET /api/posts/72/ HTTP/1.1" 200 1888
[2025-12-14 22:12:23,672] INFO django.server:213 "GET /api/posts/72/ HTTP/1.1" 200 1888
[2025-12-14 22:12:28,666] INFO django.server:213 "GET /api/posts/72/ HTTP/1.1" 200 1888
[2025-12-14 22:12:33,669] INFO django.server:213 "GET /api/posts/72/ HTTP/1.1" 200 1888
[2025-12-14 22:12:38,651] INFO django.server:213 "GET /api/posts/72/ HTTP/1.1" 200 1888
[2025-12-14 22:12:43,687] INFO django.server:213 "GET /api/posts/72/ HTTP/1.1" 200 1888
[2025-12-14 22:12:48,655] INFO django.server:213 "GET /api/posts/72/ HTTP/1.1" 200 1888
[2025-12-14 22:12:53,692] INFO django.server:213 "GET /api/posts/72/ HTTP/1.1" 200 1888
[2025-12-14 22:12:58,659] INFO django.server:213 "GET /api/posts/72/ HTTP/1.1" 200 1888
[2025-12-14 22:13:03,684] INFO django.server:213 "GET /api/posts/72/ HTTP/1.1" 200 1888
[2025-12-14 22:13:08,663] INFO django.server:213 "GET /api/posts/72/ HTTP/1.1" 200 1888
[2025-12-14 22:13:13,700] INFO django.server:213 "GET /api/posts/72/ HTTP/1.1" 200 1888
[2025-12-14 22:13:18,660] INFO django.server:213 "GET /api/posts/72/ HTTP/1.1" 200 1888
[2025-12-14 22:13:23,667] INFO django.server:213 "GET /api/posts/72/ HTTP/1.1" 200 1888
[2025-12-14 22:13:28,664] INFO django.server:213 "GET /api/posts/72/ HTTP/1.1" 200 2079
[2025-12-14 22:13:28,714] INFO django.server:213 "GET /media/post_images/post_72_2c4db02a.jpg HTTP/1.1" 200 259638
[2025-12-14 22:15:29,064] INFO django.server:213 "OPTIONS /api/posts/72/generate_video/ HTTP/1.1" 200 0
[2025-12-14 22:15:29,899] INFO django.server:213 "POST /api/posts/72/generate_video/ HTTP/1.1" 200 113
[2025-12-14 22:15:36,646] INFO django.server:213 "GET /api/posts/72/ HTTP/1.1" 200 2079
[2025-12-14 22:18:46,426] INFO django.server:213 "POST /api/posts/72/generate_video/ HTTP/1.1" 200 114
[2025-12-14 22:18:52,245] INFO django.server:213 "GET /api/posts/72/ HTTP/1.1" 200 2079
[2025-12-14 22:21:17,350] INFO django.server:213 "GET /api/client/info/ HTTP/1.1" 200 74
[2025-12-14 22:21:17,353] INFO django.server:213 "GET /api/client/info/ HTTP/1.1" 200 74
[2025-12-14 22:21:17,356] INFO django.server:213 "GET /api/client/info/ HTTP/1.1" 200 74
[2025-12-14 22:21:17,356] INFO django.server:213 "GET /api/client/info/ HTTP/1.1" 200 74
[2025-12-14 22:21:17,533] INFO django.server:213 "GET /api/posts/72/ HTTP/1.1" 200 2079
[2025-12-14 22:21:17,573] INFO django.server:213 "GET /api/schedules/?post=72 HTTP/1.1" 200 260
[2025-12-14 22:21:17,573] INFO django.server:213 "GET /api/client/info/ HTTP/1.1" 200 74
[2025-12-14 22:21:17,573] INFO django.server:213 "GET /api/posts/72/ HTTP/1.1" 200 2079
[2025-12-14 22:21:17,573] INFO django.server:213 "GET /api/schedules/?post=72 HTTP/1.1" 200 260
[2025-12-14 22:21:17,615] INFO django.server:213 "GET /media/post_images/post_72_8ba3e1bc.jpg HTTP/1.1" 200 131677
[2025-12-14 22:21:17,617] INFO django.server:213 "GET /media/post_images/post_72_3eb27c64.jpg HTTP/1.1" 200 207904
[2025-12-14 22:21:17,618] INFO django.server:213 "GET /media/post_images/post_72_2c4db02a.jpg HTTP/1.1" 200 259638
[2025-12-14 22:21:17,786] INFO django.server:213 "GET /api/posts/72/ HTTP/1.1" 200 2079
[2025-12-14 22:21:22,064] INFO django.server:213 "OPTIONS /api/posts/72/generate_video/ HTTP/1.1" 200 0
[2025-12-14 22:21:23,147] INFO django.server:213 "POST /api/posts/72/generate_video/ HTTP/1.1" 200 113
[2025-12-14 22:21:29,904] INFO django.server:213 "GET /api/posts/72/ HTTP/1.1" 200 2079
[2025-12-14 22:39:02,617] WARNING django.server:213 "GET /api/client/info/ HTTP/1.1" 401 172
[2025-12-14 22:39:02,617] WARNING django.server:213 "GET /api/posts/72/ HTTP/1.1" 401 172
[2025-12-14 22:39:02,617] WARNING django.server:213 "GET /api/schedules/?post=72 HTTP/1.1" 401 172
[2025-12-14 22:39:02,617] WARNING django.server:213 "GET /api/client/info/ HTTP/1.1" 401 172
[2025-12-14 22:39:02,619] WARNING django.server:213 "GET /api/client/info/ HTTP/1.1" 401 172
[2025-12-14 22:39:02,628] INFO django.server:213 "OPTIONS /api/auth/refresh/ HTTP/1.1" 200 0
[2025-12-14 22:39:02,628] WARNING django.server:213 "GET /api/posts/72/ HTTP/1.1" 401 172
[2025-12-14 22:39:02,631] WARNING django.server:213 "GET /api/client/info/ HTTP/1.1" 401 172
[2025-12-14 22:39:02,632] WARNING django.server:213 "GET /api/client/info/ HTTP/1.1" 401 172
[2025-12-14 22:39:02,633] WARNING django.server:213 "GET /api/posts/72/ HTTP/1.1" 401 172
[2025-12-14 22:39:02,636] WARNING django.server:213 "GET /api/schedules/?post=72 HTTP/1.1" 401 172
[2025-12-14 22:39:03,262] INFO django.server:213 "POST /api/auth/refresh/ HTTP/1.1" 200 244
[2025-12-14 22:39:03,686] INFO django.server:213 "GET /api/posts/72/ HTTP/1.1" 200 2352
[2025-12-14 22:39:03,777] INFO django.server:213 "GET /api/client/info/ HTTP/1.1" 200 74
[2025-12-14 22:39:03,777] INFO django.server:213 "GET /api/client/info/ HTTP/1.1" 200 74
[2025-12-14 22:39:03,801] INFO django.server:213 "GET /api/schedules/?post=72 HTTP/1.1" 200 260
[2025-12-14 22:39:03,802] INFO django.server:213 "GET /api/client/info/ HTTP/1.1" 200 74
[2025-12-14 22:39:03,807] INFO django.server:213 "GET /media/post_images/post_72_2c4db02a.jpg HTTP/1.1" 200 259638
[2025-12-14 22:39:03,810] INFO django.server:213 "GET /media/post_images/post_72_8ba3e1bc.jpg HTTP/1.1" 200 131677
[2025-12-14 22:39:03,814] INFO django.server:213 "GET /media/post_images/post_72_3eb27c64.jpg HTTP/1.1" 200 207904
[2025-12-14 22:39:03,855] INFO django.server:213 "GET /media/post_videos/post_72_ce11accd.mp4 HTTP/1.1" 200 3441675
[2025-12-14 22:39:03,897] INFO django.server:213 "GET /api/client/info/ HTTP/1.1" 200 74
[2025-12-14 22:39:04,192] INFO django.server:213 "GET /api/client/info/ HTTP/1.1" 200 74
[2025-12-14 22:39:04,195] INFO django.server:213 "GET /api/schedules/?post=72 HTTP/1.1" 200 260
[2025-12-14 22:39:04,200] INFO django.server:213 "GET /api/posts/72/ HTTP/1.1" 200 2352
[2025-12-14 22:39:04,375] INFO django.server:213 "GET /api/posts/72/ HTTP/1.1" 200 2352
[2025-12-14 22:41:45,650] INFO django.server:213 "GET /api/schedules/?post=72 HTTP/1.1" 200 260
[2025-12-14 22:41:45,927] INFO django.server:213 "GET /api/posts/72/ HTTP/1.1" 200 2352
[2025-12-14 22:41:50,679] INFO django.server:213 "GET /api/client/info/ HTTP/1.1" 200 74
[2025-12-14 22:41:50,706] INFO django.server:213 "GET /api/client/info/ HTTP/1.1" 200 74
[2025-12-14 22:41:50,731] INFO django.server:213 "GET /api/schedules/?post=72 HTTP/1.1" 200 260
[2025-12-14 22:41:50,894] INFO django.server:213 "GET /api/posts/72/ HTTP/1.1" 200 2352
[2025-12-14 22:41:50,959] INFO django.server:213 "GET /media/post_images/post_72_3eb27c64.jpg HTTP/1.1" 200 207904
[2025-12-14 22:41:50,960] INFO django.server:213 "GET /media/post_images/post_72_2c4db02a.jpg HTTP/1.1" 200 259638
[2025-12-14 22:41:50,962] INFO django.server:213 "GET /media/post_images/post_72_8ba3e1bc.jpg HTTP/1.1" 200 131677
[2025-12-14 22:41:51,140] INFO django.server:213 "GET /media/post_videos/post_72_ce11accd.mp4 HTTP/1.1" 200 3441675
[2025-12-14 22:42:00,336] INFO django.server:213 "GET /api/schedules/?post=72 HTTP/1.1" 200 260
[2025-12-14 22:42:00,603] INFO django.server:213 "GET /api/posts/72/ HTTP/1.1" 200 2352
[2025-12-14 22:42:06,753] INFO django.server:213 "GET /api/schedules/?post=72 HTTP/1.1" 200 260
[2025-12-14 22:42:06,919] INFO django.server:213 "GET /api/posts/72/ HTTP/1.1" 200 2352
[2025-12-14 22:57:22,648] INFO django.server:213 "GET /api/client/info/ HTTP/1.1" 200 74
[2025-12-14 22:57:22,649] INFO django.server:213 "GET /api/client/info/ HTTP/1.1" 200 74
[2025-12-14 22:57:22,659] INFO django.server:213 "GET /api/client/info/ HTTP/1.1" 200 74
[2025-12-14 22:57:22,670] INFO django.server:213 "GET /api/client/info/ HTTP/1.1" 200 74
[2025-12-14 22:57:22,846] INFO django.server:213 "GET /api/client/info/ HTTP/1.1" 200 74
[2025-12-14 22:57:22,847] INFO django.server:213 "GET /api/schedules/?post=72 HTTP/1.1" 200 260
[2025-12-14 22:57:22,874] INFO django.server:213 "GET /api/schedules/?post=72 HTTP/1.1" 200 260
[2025-12-14 22:57:22,883] INFO django.server:213 "GET /api/posts/72/ HTTP/1.1" 200 2352
[2025-12-14 22:57:22,883] INFO django.server:213 "GET /api/posts/72/ HTTP/1.1" 200 2352
[2025-12-14 22:57:22,987] INFO django.server:213 "GET /media/post_images/post_72_8ba3e1bc.jpg HTTP/1.1" 200 131677
[2025-12-14 22:57:22,988] INFO django.server:213 "GET /media/post_images/post_72_3eb27c64.jpg HTTP/1.1" 200 207904
[2025-12-14 22:57:22,989] INFO django.server:213 "GET /media/post_images/post_72_2c4db02a.jpg HTTP/1.1" 200 259638
[2025-12-14 22:57:23,034] INFO django.server:213 "GET /media/post_videos/post_72_ce11accd.mp4 HTTP/1.1" 200 3441675
[2025-12-14 22:57:23,095] INFO django.server:213 "GET /api/posts/72/ HTTP/1.1" 200 2352
[2025-12-14 22:57:28,753] INFO django.server:213 "OPTIONS /api/posts/72/delete_video/?video_id=71 HTTP/1.1" 200 0
[2025-12-14 22:57:29,487] INFO django.server:213 "DELETE /api/posts/72/delete_video/?video_id=71 HTTP/1.1" 200 55
[2025-12-14 22:57:29,917] INFO django.server:213 "GET /api/posts/72/ HTTP/1.1" 200 2079
[2025-12-14 22:57:36,894] INFO django.server:213 "OPTIONS /api/posts/72/delete_image/?image_id=9 HTTP/1.1" 200 0
[2025-12-14 22:57:37,621] INFO django.server:213 "DELETE /api/posts/72/delete_image/?image_id=9 HTTP/1.1" 200 55
[2025-12-14 22:57:38,074] INFO django.server:213 "GET /api/posts/72/ HTTP/1.1" 200 1889
[2025-12-14 23:07:20,822] INFO django.server:213 "GET /django-admin/core/client/ HTTP/1.1" 200 21520
[2025-12-14 23:07:21,092] INFO django.server:213 "GET /django-admin/jsi18n/ HTTP/1.1" 200 3342
[2025-12-14 23:07:29,166] INFO django.server:213 "GET /django-admin/core/client/5/change/ HTTP/1.1" 200 65976
[2025-12-14 23:07:29,397] INFO django.server:213 "GET /django-admin/jsi18n/ HTTP/1.1" 200 3342
[2025-12-14 23:07:35,746] INFO django.server:213 "GET /django-admin/core/client/ HTTP/1.1" 200 21520
[2025-12-14 23:07:52,281] INFO django.server:213 "GET /django-admin/core/usertenantrole/ HTTP/1.1" 200 21127
[2025-12-14 23:07:52,464] INFO django.server:213 "GET /django-admin/jsi18n/ HTTP/1.1" 200 3342
[2025-12-14 23:08:03,688] INFO django.server:213 "GET /django-admin/core/usertenantrole/2/change/ HTTP/1.1" 200 21476
[2025-12-14 23:08:03,882] INFO django.server:213 "GET /django-admin/jsi18n/ HTTP/1.1" 200 3342
[2025-12-14 23:08:23,048] INFO django.server:213 "POST /django-admin/core/usertenantrole/2/change/ HTTP/1.1" 302 0
[2025-12-14 23:08:23,490] INFO django.server:213 "GET /django-admin/core/usertenantrole/ HTTP/1.1" 200 21370
[2025-12-14 23:08:23,683] INFO django.server:213 "GET /django-admin/jsi18n/ HTTP/1.1" 200 3342
[2025-12-14 23:08:37,657] INFO django.server:213 "GET /django-admin/core/client/ HTTP/1.1" 200 21520
[2025-12-14 23:08:37,847] INFO django.server:213 "GET /django-admin/jsi18n/ HTTP/1.1" 200 3342
[2025-12-14 23:08:42,346] INFO django.server:213 "GET /django-admin/core/client/3/change/ HTTP/1.1" 200 59412
[2025-12-14 23:08:42,532] INFO django.server:213 "GET /django-admin/jsi18n/ HTTP/1.1" 200 3342
[2025-12-15 07:45:31,250] INFO django.server:213 "GET /django-admin/core/post/ HTTP/1.1" 200 80717
[2025-12-15 07:45:31,465] INFO django.server:213 "GET /media/post_images/post_72_8ba3e1bc.jpg HTTP/1.1" 304 0
[2025-12-15 07:45:31,616] INFO django.server:213 "GET /django-admin/jsi18n/ HTTP/1.1" 200 3342
[2025-12-15 07:45:31,628] INFO django.server:213 "GET /media/post_images/post_71_43ab8516.jpg HTTP/1.1" 304 0
[2025-12-15 07:45:31,632] INFO django.server:213 "GET /media/post_images/post_62_c6309291.jpg HTTP/1.1" 304 0
[2025-12-15 07:45:44,844] INFO django.server:213 "GET /django-admin/core/post/71/change/ HTTP/1.1" 200 67936
[2025-12-15 07:45:44,911] INFO django.server:213 "GET /media/post_images/post_71_734d6e09.jpg HTTP/1.1" 304 0
[2025-12-15 07:45:44,912] INFO django.server:213 "GET /media/post_images/post_71_a1635a71.jpg HTTP/1.1" 200 81147
[2025-12-15 07:45:45,054] INFO django.server:213 "GET /django-admin/jsi18n/ HTTP/1.1" 200 3342
[2025-12-15 07:46:03,353] INFO django.server:213 "POST /core/admin/post/71/generate-video/?method=veo&source=text HTTP/1.1" 200 333
[2025-12-15 07:46:09,814] INFO django.server:213 "GET /django-admin/core/post/71/change/ HTTP/1.1" 200 67936
[2025-12-15 07:46:09,999] INFO django.server:213 "GET /django-admin/jsi18n/ HTTP/1.1" 200 3342
[2025-12-15 07:47:00,252] INFO django.server:213 "GET /django-admin/core/client/ HTTP/1.1" 200 21520
[2025-12-15 07:47:00,481] INFO django.server:213 "GET /django-admin/jsi18n/ HTTP/1.1" 200 3342
[2025-12-15 07:47:07,366] INFO django.server:213 "GET /django-admin/core/client/3/change/ HTTP/1.1" 200 61012
[2025-12-15 07:47:07,554] INFO django.server:213 "GET /django-admin/jsi18n/ HTTP/1.1" 200 3342
[2025-12-15 08:06:20,396] INFO django.server:213 "GET /django-admin/core/client/3/change/ HTTP/1.1" 200 61004
[2025-12-15 08:06:20,727] INFO django.server:213 "GET /django-admin/jsi18n/ HTTP/1.1" 200 3342
[2025-12-15 08:07:40,831] INFO django.server:213 "GET /django-admin/core/client/3/change/ HTTP/1.1" 200 61004
[2025-12-15 08:07:41,061] INFO django.server:213 "GET /django-admin/jsi18n/ HTTP/1.1" 200 3342
[2025-12-15 08:12:39,125] INFO django.server:213 "GET /django-admin/core/client/3/change/ HTTP/1.1" 200 61004
[2025-12-15 08:12:39,370] INFO django.server:213 "GET /django-admin/jsi18n/ HTTP/1.1" 200 3342
[2025-12-15 08:15:44,361] INFO django.server:213 "GET /django-admin/core/client/3/change/ HTTP/1.1" 200 63211
[2025-12-15 08:15:44,660] INFO django.server:213 "GET /django-admin/jsi18n/ HTTP/1.1" 200 3342
[2025-12-15 08:20:41,198] INFO django.server:213 "POST /django-admin/core/client/3/change/ HTTP/1.1" 302 0
[2025-12-15 08:20:41,845] INFO django.server:213 "GET /django-admin/core/client/3/change/ HTTP/1.1" 200 64382
[2025-12-15 08:20:42,075] INFO django.server:213 "GET /django-admin/jsi18n/ HTTP/1.1" 200 3342
[2025-12-15 08:21:17,340] WARNING django.server:213 "GET /api/client/info/ HTTP/1.1" 401 58
[2025-12-15 08:21:17,345] WARNING django.server:213 "GET /api/client/info/ HTTP/1.1" 401 58
[2025-12-15 08:21:17,346] INFO django.server:213 "OPTIONS /api/auth/refresh/ HTTP/1.1" 200 0
[2025-12-15 08:21:17,347] WARNING django.server:213 "GET /api/posts/72/ HTTP/1.1" 401 58
[2025-12-15 08:21:17,350] WARNING django.server:213 "GET /api/client/info/ HTTP/1.1" 401 58
[2025-12-15 08:21:17,351] WARNING django.server:213 "GET /api/client/info/ HTTP/1.1" 401 58
[2025-12-15 08:21:17,355] WARNING django.server:213 "GET /api/schedules/?post=72 HTTP/1.1" 401 58
[2025-12-15 08:21:17,361] WARNING django.server:213 "GET /api/posts/72/ HTTP/1.1" 401 58
[2025-12-15 08:21:17,363] WARNING django.server:213 "GET /api/schedules/?post=72 HTTP/1.1" 401 58
[2025-12-15 08:21:17,382] WARNING django.server:213 "GET /api/posts/72/ HTTP/1.1" 401 58
[2025-12-15 08:21:17,386] WARNING django.server:213 "GET /api/client/info/ HTTP/1.1" 401 58
[2025-12-15 08:21:18,223] INFO django.server:213 "POST /api/auth/refresh/ HTTP/1.1" 200 244
[2025-12-15 08:21:18,461] INFO django.server:213 "GET /api/client/info/ HTTP/1.1" 200 71
[2025-12-15 08:21:18,682] INFO django.server:213 "GET /api/schedules/?post=72 HTTP/1.1" 200 2
[2025-12-15 08:21:18,766] INFO django.server:213 "GET /api/client/info/ HTTP/1.1" 200 71
[2025-12-15 08:21:18,801] INFO django.server:213 "GET /api/client/info/ HTTP/1.1" 200 71
[2025-12-15 08:21:18,801] INFO django.server:213 "GET /api/client/info/ HTTP/1.1" 200 71
[2025-12-15 08:21:18,904] INFO django.server:213 "GET /api/schedules/?post=72 HTTP/1.1" 200 2
[2025-12-15 08:21:18,941] WARNING django.server:213 "GET /api/posts/72/ HTTP/1.1" 404 45
[2025-12-15 08:21:19,008] INFO django.server:213 "GET /api/client/info/ HTTP/1.1" 200 71
[2025-12-15 08:21:19,009] WARNING django.server:213 "GET /api/posts/72/ HTTP/1.1" 404 45
[2025-12-15 08:21:19,167] WARNING django.server:213 "GET /api/posts/72/ HTTP/1.1" 404 45
[2025-12-15 08:21:25,432] INFO django.server:213 "GET /api/templates/ HTTP/1.1" 200 21633
[2025-12-15 08:21:25,432] INFO django.server:213 "GET /api/templates/ HTTP/1.1" 200 21633
[2025-12-15 08:21:28,406] INFO django.server:213 "GET /api/posts/ HTTP/1.1" 200 11947
[2025-12-15 08:21:28,618] INFO django.server:213 "GET /api/posts/ HTTP/1.1" 200 11947
[2025-12-15 08:21:40,916] INFO django.server:213 "GET /api/client/info/ HTTP/1.1" 200 71
[2025-12-15 08:21:40,920] INFO django.server:213 "GET /api/schedules/?post=66 HTTP/1.1" 200 2
[2025-12-15 08:21:41,124] INFO django.server:213 "GET /api/schedules/?post=66 HTTP/1.1" 200 2
[2025-12-15 08:21:41,124] INFO django.server:213 "GET /api/client/info/ HTTP/1.1" 200 71
[2025-12-15 08:21:41,140] INFO django.server:213 "GET /api/posts/66/ HTTP/1.1" 200 2974
[2025-12-15 08:21:41,318] INFO django.server:213 "GET /api/client/info/ HTTP/1.1" 200 71
[2025-12-15 08:21:41,519] INFO django.server:213 "GET /api/client/info/ HTTP/1.1" 200 71
[2025-12-15 08:21:41,579] INFO django.server:213 "GET /api/posts/66/ HTTP/1.1" 200 2974
[2025-12-15 08:21:41,737] INFO django.server:213 "GET /api/client/info/ HTTP/1.1" 200 71
[2025-12-15 08:21:42,008] INFO django.server:213 "GET /api/posts/66/ HTTP/1.1" 200 2974
[2025-12-15 08:21:51,947] INFO django.server:213 "OPTIONS /api/posts/66/generate_video/ HTTP/1.1" 200 0
[2025-12-15 08:21:52,704] INFO django.server:213 "POST /api/posts/66/generate_video/ HTTP/1.1" 200 113
[2025-12-15 08:21:59,528] INFO django.server:213 "GET /api/posts/66/ HTTP/1.1" 200 2974
[2025-12-15 08:50:48,616] INFO django.server:213 "POST /django-admin/core/client/3/change/ HTTP/1.1" 302 0
[2025-12-15 08:50:49,283] INFO django.server:213 "GET /django-admin/core/client/3/change/ HTTP/1.1" 200 64390
[2025-12-15 08:50:49,528] INFO django.server:213 "GET /django-admin/jsi18n/ HTTP/1.1" 200 3342
[2025-12-15 08:50:49,687] INFO django.server:213 "GET /static/admin/img/icon-yes.svg HTTP/1.1" 304 0
[2025-12-15 08:50:56,651] INFO django.server:213 "GET /api/client/info/ HTTP/1.1" 200 71
[2025-12-15 08:50:56,702] INFO django.server:213 "GET /api/schedules/?post=66 HTTP/1.1" 200 2
[2025-12-15 08:50:56,839] INFO django.server:213 "GET /api/client/info/ HTTP/1.1" 200 71
[2025-12-15 08:50:56,915] INFO django.server:213 "GET /api/schedules/?post=66 HTTP/1.1" 200 2
[2025-12-15 08:50:56,921] INFO django.server:213 "GET /api/posts/66/ HTTP/1.1" 200 3256
[2025-12-15 08:50:56,964] INFO django.server:213 "GET /media/post_videos/post_66_336593cb.mp4 HTTP/1.1" 200 1875431
[2025-12-15 08:50:57,043] INFO django.server:213 "GET /api/client/info/ HTTP/1.1" 200 71
[2025-12-15 08:50:57,457] INFO django.server:213 "GET /api/client/info/ HTTP/1.1" 200 71
[2025-12-15 08:50:57,623] INFO django.server:213 "GET /api/posts/66/ HTTP/1.1" 200 3256
[2025-12-15 08:50:57,672] INFO django.server:213 "GET /api/client/info/ HTTP/1.1" 200 71
[2025-12-15 08:50:58,123] INFO django.server:213 "GET /api/posts/66/ HTTP/1.1" 200 3256
[2025-12-15 08:51:01,858] INFO django.server:213 "POST /api/posts/66/generate_video/ HTTP/1.1" 200 113
[2025-12-15 08:51:08,629] INFO django.server:213 "GET /api/posts/66/ HTTP/1.1" 200 3256
[2025-12-15 08:51:33,635] WARNING django.server:213 "POST /api/posts/66/generate_video/ HTTP/1.1" 401 172
[2025-12-15 08:51:34,127] INFO django.server:213 "POST /api/auth/refresh/ HTTP/1.1" 200 244
[2025-12-15 08:51:34,453] INFO django.server:213 "POST /api/posts/66/generate_video/ HTTP/1.1" 200 113
[2025-12-15 08:51:41,214] INFO django.server:213 "GET /api/posts/66/ HTTP/1.1" 200 3256
[2025-12-15 09:17:15,998] INFO django.server:213 "GET /api/client/info/ HTTP/1.1" 200 71
[2025-12-15 09:17:15,998] INFO django.server:213 "GET /api/schedules/?post=66 HTTP/1.1" 200 2
[2025-12-15 09:17:16,191] INFO django.server:213 "GET /api/client/info/ HTTP/1.1" 200 71
[2025-12-15 09:17:16,201] INFO django.server:213 "GET /api/schedules/?post=66 HTTP/1.1" 200 2
[2025-12-15 09:17:16,240] INFO django.server:213 "GET /api/posts/66/ HTTP/1.1" 200 3256
[2025-12-15 09:17:16,293] INFO django.server:213 "GET /media/post_videos/post_66_336593cb.mp4 HTTP/1.1" 304 0
[2025-12-15 09:17:16,386] INFO django.server:213 "GET /api/client/info/ HTTP/1.1" 200 71
[2025-12-15 09:17:16,574] INFO django.server:213 "GET /api/client/info/ HTTP/1.1" 200 71
[2025-12-15 09:17:16,681] INFO django.server:213 "GET /api/posts/66/ HTTP/1.1" 200 3256
[2025-12-15 09:17:16,783] INFO django.server:213 "GET /api/client/info/ HTTP/1.1" 200 71
[2025-12-15 09:17:17,119] INFO django.server:213 "GET /api/posts/66/ HTTP/1.1" 200 3256
[2025-12-15 09:18:25,784] INFO django.server:213 "GET /api/client/info/ HTTP/1.1" 200 71
[2025-12-15 09:18:25,798] INFO django.server:213 "GET /api/schedules/?post=66 HTTP/1.1" 200 2
[2025-12-15 09:18:25,988] INFO django.server:213 "GET /api/posts/66/ HTTP/1.1" 200 3256
[2025-12-15 09:18:26,002] INFO django.server:213 "GET /api/client/info/ HTTP/1.1" 200 71
[2025-12-15 09:18:26,011] INFO django.server:213 "GET /api/schedules/?post=66 HTTP/1.1" 200 2
[2025-12-15 09:18:26,200] INFO django.server:213 "GET /api/client/info/ HTTP/1.1" 200 71
[2025-12-15 09:18:26,389] INFO django.server:213 "GET /api/posts/66/ HTTP/1.1" 200 3256
[2025-12-15 09:18:26,400] INFO django.server:213 "GET /api/client/info/ HTTP/1.1" 200 71
[2025-12-15 09:18:26,601] INFO django.server:213 "GET /api/client/info/ HTTP/1.1" 200 71
[2025-12-15 09:18:26,773] INFO django.server:213 "GET /api/posts/66/ HTTP/1.1" 200 3256
[2025-12-15 09:18:31,426] INFO django.server:213 "POST /api/posts/66/generate_video/ HTTP/1.1" 200 113
[2025-12-15 09:18:38,188] INFO django.server:213 "GET /api/posts/66/ HTTP/1.1" 200 3256
[2025-12-15 09:24:19,662] INFO django.server:213 "POST /django-admin/core/client/3/change/ HTTP/1.1" 302 0
[2025-12-15 09:24:20,319] INFO django.server:213 "GET /django-admin/core/client/3/change/ HTTP/1.1" 200 64365
[2025-12-15 09:24:20,555] INFO django.server:213 "GET /django-admin/jsi18n/ HTTP/1.1" 200 3342
[2025-12-15 09:24:20,597] INFO django.server:213 "GET /static/admin/img/icon-unknown.svg HTTP/1.1" 304 0
[2025-12-15 09:24:27,060] WARNING django.server:213 "POST /api/posts/66/generate_video/ HTTP/1.1" 401 172
[2025-12-15 09:24:27,540] INFO django.server:213 "POST /api/auth/refresh/ HTTP/1.1" 200 244
[2025-12-15 09:24:27,850] INFO django.server:213 "POST /api/posts/66/generate_video/ HTTP/1.1" 200 113
[2025-12-15 09:24:34,624] INFO django.server:213 "GET /api/posts/66/ HTTP/1.1" 200 3256
[2025-12-15 09:25:23,338] INFO django.server:213 "OPTIONS /api/posts/66/delete_video/?video_id=72 HTTP/1.1" 200 0
[2025-12-15 09:25:24,089] INFO django.server:213 "DELETE /api/posts/66/delete_video/?video_id=72 HTTP/1.1" 200 55
[2025-12-15 09:25:24,522] INFO django.server:213 "GET /api/posts/66/ HTTP/1.1" 200 2974
[2025-12-15 09:26:33,745] INFO django.server:213 "GET /api/client/info/ HTTP/1.1" 200 71
[2025-12-15 09:26:33,812] INFO django.server:213 "GET /api/schedules/?post=66 HTTP/1.1" 200 2
[2025-12-15 09:26:33,930] INFO django.server:213 "GET /api/posts/66/ HTTP/1.1" 200 2974
[2025-12-15 09:26:33,932] INFO django.server:213 "GET /api/client/info/ HTTP/1.1" 200 71
[2025-12-15 09:26:34,024] INFO django.server:213 "GET /api/schedules/?post=66 HTTP/1.1" 200 2
[2025-12-15 09:26:34,116] INFO django.server:213 "GET /api/client/info/ HTTP/1.1" 200 71
[2025-12-15 09:26:34,306] INFO django.server:213 "GET /api/posts/66/ HTTP/1.1" 200 2974
[2025-12-15 09:26:34,306] INFO django.server:213 "GET /api/client/info/ HTTP/1.1" 200 71
[2025-12-15 09:26:34,510] INFO django.server:213 "GET /api/client/info/ HTTP/1.1" 200 71
[2025-12-15 09:26:34,694] INFO django.server:213 "GET /api/posts/66/ HTTP/1.1" 200 2974
[2025-12-15 09:38:15,585] INFO django.server:213 "POST /django-admin/core/client/3/change/ HTTP/1.1" 302 0
[2025-12-15 09:38:16,322] INFO django.server:213 "GET /django-admin/core/client/3/change/ HTTP/1.1" 200 64377
[2025-12-15 09:38:16,538] INFO django.server:213 "GET /django-admin/jsi18n/ HTTP/1.1" 200 3342
[2025-12-15 09:38:36,301] INFO django.server:213 "POST /django-admin/core/client/3/change/ HTTP/1.1" 302 0
[2025-12-15 09:38:36,982] INFO django.server:213 "GET /django-admin/core/client/3/change/ HTTP/1.1" 200 64377
[2025-12-15 09:38:37,185] INFO django.server:213 "GET /django-admin/jsi18n/ HTTP/1.1" 200 3342
[2025-12-15 09:43:31,295] INFO django.server:213 "GET /api/client/info/ HTTP/1.1" 200 71
[2025-12-15 09:43:31,296] INFO django.server:213 "GET /api/schedules/?post=66 HTTP/1.1" 200 2
[2025-12-15 09:43:31,498] INFO django.server:213 "GET /api/posts/66/ HTTP/1.1" 200 2974
[2025-12-15 09:43:31,501] INFO django.server:213 "GET /api/client/info/ HTTP/1.1" 200 71
[2025-12-15 09:43:31,507] INFO django.server:213 "GET /api/schedules/?post=66 HTTP/1.1" 200 2
[2025-12-15 09:43:31,708] INFO django.server:213 "GET /api/client/info/ HTTP/1.1" 200 71
[2025-12-15 09:43:31,908] INFO django.server:213 "GET /api/client/info/ HTTP/1.1" 200 71
[2025-12-15 09:43:31,910] INFO django.server:213 "GET /api/posts/66/ HTTP/1.1" 200 2974
[2025-12-15 09:43:32,162] INFO django.server:213 "GET /api/client/info/ HTTP/1.1" 200 71
[2025-12-15 09:43:32,340] INFO django.server:213 "GET /api/posts/66/ HTTP/1.1" 200 2974
[2025-12-15 09:43:34,688] WARNING django.server:213 "POST /api/posts/66/generate_video/ HTTP/1.1" 400 75
[2025-12-15 09:44:16,726] WARNING django.server:213 "POST /api/posts/66/generate_video/ HTTP/1.1" 400 75
[2025-12-15 10:02:21,325] INFO django.server:213 "POST /django-admin/core/client/3/change/ HTTP/1.1" 302 0
[2025-12-15 10:02:22,071] INFO django.server:213 "GET /django-admin/core/client/3/change/ HTTP/1.1" 200 64410
[2025-12-15 10:02:22,282] INFO django.server:213 "GET /django-admin/jsi18n/ HTTP/1.1" 200 3342
[2025-12-15 10:02:25,381] INFO django.server:213 "OPTIONS /api/posts/66/generate_video/ HTTP/1.1" 200 0
[2025-12-15 10:02:25,470] WARNING django.server:213 "POST /api/posts/66/generate_video/ HTTP/1.1" 401 172
[2025-12-15 10:02:25,474] INFO django.server:213 "OPTIONS /api/auth/refresh/ HTTP/1.1" 200 0
[2025-12-15 10:02:25,923] INFO django.server:213 "POST /api/auth/refresh/ HTTP/1.1" 200 244
[2025-12-15 10:02:25,928] INFO django.server:213 "OPTIONS /api/posts/66/generate_video/ HTTP/1.1" 200 0
[2025-12-15 10:02:26,313] INFO django.server:213 "POST /api/posts/66/generate_video/ HTTP/1.1" 200 113
[2025-12-15 10:02:33,155] INFO django.server:213 "GET /api/posts/66/ HTTP/1.1" 200 2974
[2025-12-15 10:14:52,635] INFO django.server:213 "GET /api/client/info/ HTTP/1.1" 200 71
[2025-12-15 10:14:52,645] INFO django.server:213 "GET /api/schedules/?post=66 HTTP/1.1" 200 2
[2025-12-15 10:14:52,835] INFO django.server:213 "GET /api/schedules/?post=66 HTTP/1.1" 200 2
[2025-12-15 10:14:52,835] INFO django.server:213 "GET /api/posts/66/ HTTP/1.1" 200 2974
[2025-12-15 10:14:52,836] INFO django.server:213 "GET /api/client/info/ HTTP/1.1" 200 71
[2025-12-15 10:14:53,034] INFO django.server:213 "GET /api/client/info/ HTTP/1.1" 200 71
[2025-12-15 10:14:53,228] INFO django.server:213 "GET /api/posts/66/ HTTP/1.1" 200 2974
[2025-12-15 10:14:53,229] INFO django.server:213 "GET /api/client/info/ HTTP/1.1" 200 71
[2025-12-15 10:14:53,419] INFO django.server:213 "GET /api/client/info/ HTTP/1.1" 200 71
[2025-12-15 10:14:53,618] INFO django.server:213 "GET /api/posts/66/ HTTP/1.1" 200 2974
[2025-12-15 10:14:58,087] INFO django.server:213 "POST /api/posts/66/generate_image/ HTTP/1.1" 200 118
[2025-12-15 10:15:03,892] INFO django.server:213 "GET /api/posts/66/ HTTP/1.1" 200 2974
[2025-12-15 10:15:08,810] INFO django.server:213 "GET /api/posts/66/ HTTP/1.1" 200 2974
[2025-12-15 10:15:13,870] INFO django.server:213 "GET /api/posts/66/ HTTP/1.1" 200 2974
[2025-12-15 10:15:18,837] INFO django.server:213 "GET /api/posts/66/ HTTP/1.1" 200 2974
[2025-12-15 10:15:23,900] INFO django.server:213 "GET /api/posts/66/ HTTP/1.1" 200 2974
[2025-12-15 10:15:28,903] INFO django.server:213 "GET /api/posts/66/ HTTP/1.1" 200 2974
[2025-12-15 10:15:33,893] INFO django.server:213 "GET /api/posts/66/ HTTP/1.1" 200 2974
[2025-12-15 10:15:39,604] INFO django.server:213 "GET /api/posts/66/ HTTP/1.1" 200 2974
[2025-12-15 10:15:44,562] INFO django.server:213 "GET /api/posts/66/ HTTP/1.1" 200 2974
[2025-12-15 10:15:49,555] INFO django.server:213 "GET /api/posts/66/ HTTP/1.1" 200 2974
[2025-12-15 10:15:54,574] INFO django.server:213 "GET /api/posts/66/ HTTP/1.1" 200 2974
[2025-12-15 10:15:59,585] INFO django.server:213 "GET /api/posts/66/ HTTP/1.1" 200 2974
[2025-12-15 10:16:04,546] INFO django.server:213 "GET /api/posts/66/ HTTP/1.1" 200 2974
[2025-12-15 10:16:09,618] INFO django.server:213 "GET /api/posts/66/ HTTP/1.1" 200 2974
[2025-12-15 10:16:14,659] INFO django.server:213 "GET /api/posts/66/ HTTP/1.1" 200 2974
[2025-12-15 10:16:19,561] INFO django.server:213 "GET /api/posts/66/ HTTP/1.1" 200 2974
[2025-12-15 10:16:24,561] INFO django.server:213 "GET /api/posts/66/ HTTP/1.1" 200 2974
[2025-12-15 10:16:29,558] INFO django.server:213 "GET /api/posts/66/ HTTP/1.1" 200 2974
[2025-12-15 10:16:34,548] INFO django.server:213 "GET /api/posts/66/ HTTP/1.1" 200 2974
[2025-12-15 10:17:31,654] INFO django.server:213 "GET /api/posts/66/ HTTP/1.1" 200 3164
[2025-12-15 10:17:31,710] INFO django.server:213 "GET /media/post_images/post_66_a487d1c6.jpg HTTP/1.1" 200 158471
[2025-12-15 10:20:03,640] INFO django.server:213 "POST /django-admin/core/client/3/change/ HTTP/1.1" 302 0
[2025-12-15 10:20:04,305] INFO django.server:213 "GET /django-admin/core/client/3/change/ HTTP/1.1" 200 64418
[2025-12-15 10:20:04,522] INFO django.server:213 "GET /django-admin/jsi18n/ HTTP/1.1" 200 3342
[2025-12-15 10:20:11,475] INFO django.server:213 "POST /api/posts/66/generate_video/ HTTP/1.1" 200 114
[2025-12-15 10:20:17,239] INFO django.server:213 "GET /api/posts/66/ HTTP/1.1" 200 3164
[2025-12-15 10:20:23,330] INFO django.server:213 "POST /api/posts/66/generate_video/ HTTP/1.1" 200 113
[2025-12-15 10:20:30,106] INFO django.server:213 "GET /api/posts/66/ HTTP/1.1" 200 3164
[2025-12-15 10:29:21,534] INFO django.server:213 "GET /api/client/info/ HTTP/1.1" 200 71
[2025-12-15 10:29:21,534] INFO django.server:213 "GET /api/schedules/?post=66 HTTP/1.1" 200 2
[2025-12-15 10:29:21,734] INFO django.server:213 "GET /api/posts/66/ HTTP/1.1" 200 3729
[2025-12-15 10:29:21,735] INFO django.server:213 "GET /api/client/info/ HTTP/1.1" 200 71
[2025-12-15 10:29:21,737] INFO django.server:213 "GET /api/schedules/?post=66 HTTP/1.1" 200 2
[2025-12-15 10:29:21,768] INFO django.server:213 "GET /media/post_images/post_66_a487d1c6.jpg HTTP/1.1" 304 0
[2025-12-15 10:29:21,777] INFO django.server:213 "GET /media/post_videos/post_66_2a40a193.mp4 HTTP/1.1" 200 603067
[2025-12-15 10:29:21,795] INFO django.server:213 "GET /media/post_videos/post_66_a68c34d8.mp4 HTTP/1.1" 200 2045986
[2025-12-15 10:29:22,171] INFO django.server:213 "GET /api/client/info/ HTTP/1.1" 200 71
[2025-12-15 10:29:22,444] INFO django.server:213 "GET /api/posts/66/ HTTP/1.1" 200 3729
[2025-12-15 10:29:22,478] INFO django.server:213 "GET /api/client/info/ HTTP/1.1" 200 71
[2025-12-15 10:29:22,666] INFO django.server:213 "GET /api/client/info/ HTTP/1.1" 200 71
[2025-12-15 10:29:22,898] INFO django.server:213 "GET /api/posts/66/ HTTP/1.1" 200 3729
[2025-12-15 10:30:19,813] INFO django.server:213 "GET /media/post_videos/post_66_a68c34d8.mp4 HTTP/1.1" 304 0
[2025-12-15 10:33:59,602] INFO django.server:213 "OPTIONS /api/posts/66/delete_video/?video_id=73 HTTP/1.1" 200 0
[2025-12-15 10:33:59,611] WARNING django.server:213 "DELETE /api/posts/66/delete_video/?video_id=73 HTTP/1.1" 401 172
[2025-12-15 10:34:00,232] INFO django.server:213 "POST /api/auth/refresh/ HTTP/1.1" 200 244
[2025-12-15 10:34:00,622] INFO django.server:213 "DELETE /api/posts/66/delete_video/?video_id=73 HTTP/1.1" 200 55
[2025-12-15 10:34:01,076] INFO django.server:213 "GET /api/posts/66/ HTTP/1.1" 200 3446
[2025-12-15 10:34:14,012] INFO django.server:213 "OPTIONS /api/posts/66/delete_image/?image_id=11 HTTP/1.1" 200 0
[2025-12-15 10:34:14,778] INFO django.server:213 "DELETE /api/posts/66/delete_image/?image_id=11 HTTP/1.1" 200 55
[2025-12-15 10:34:15,239] INFO django.server:213 "GET /api/posts/66/ HTTP/1.1" 200 3256
[2025-12-15 10:58:16,003] INFO django.server:213 "GET /api/client/info/ HTTP/1.1" 200 71
[2025-12-15 10:58:16,020] INFO django.server:213 "GET /api/schedules/?post=66 HTTP/1.1" 200 2
[2025-12-15 10:58:16,215] INFO django.server:213 "GET /api/posts/66/ HTTP/1.1" 200 3256
[2025-12-15 10:58:16,229] INFO django.server:213 "GET /api/client/info/ HTTP/1.1" 200 71
[2025-12-15 10:58:16,232] INFO django.server:213 "GET /api/schedules/?post=66 HTTP/1.1" 200 2
[2025-12-15 10:58:16,437] INFO django.server:213 "GET /api/client/info/ HTTP/1.1" 200 71
[2025-12-15 10:58:16,601] INFO django.server:213 "GET /api/posts/66/ HTTP/1.1" 200 3256
[2025-12-15 10:58:16,647] INFO django.server:213 "GET /api/client/info/ HTTP/1.1" 200 71
[2025-12-15 10:58:16,876] INFO django.server:213 "GET /api/client/info/ HTTP/1.1" 200 71
[2025-12-15 10:58:17,002] INFO django.server:213 "GET /api/posts/66/ HTTP/1.1" 200 3256
[2025-12-15 10:58:21,210] INFO django.server:213 "POST /api/posts/66/generate_video/ HTTP/1.1" 200 113
[2025-12-15 10:58:27,990] INFO django.server:213 "GET /api/posts/66/ HTTP/1.1" 200 3256
[2025-12-15 11:06:26,444] WARNING django.server:213 "GET /api/client/info/ HTTP/1.1" 401 172
[2025-12-15 11:06:26,444] WARNING django.server:213 "GET /api/schedules/?post=66 HTTP/1.1" 401 172
[2025-12-15 11:06:26,444] WARNING django.server:213 "GET /api/posts/66/ HTTP/1.1" 401 172
[2025-12-15 11:06:26,454] WARNING django.server:213 "GET /api/client/info/ HTTP/1.1" 401 172
[2025-12-15 11:06:26,460] WARNING django.server:213 "GET /api/schedules/?post=66 HTTP/1.1" 401 172
[2025-12-15 11:06:26,477] WARNING django.server:213 "GET /api/posts/66/ HTTP/1.1" 401 172
[2025-12-15 11:06:26,482] WARNING django.server:213 "GET /api/client/info/ HTTP/1.1" 401 172
[2025-12-15 11:06:26,483] WARNING django.server:213 "GET /api/posts/66/ HTTP/1.1" 401 172
[2025-12-15 11:06:26,487] WARNING django.server:213 "GET /api/client/info/ HTTP/1.1" 401 172
[2025-12-15 11:06:26,491] WARNING django.server:213 "GET /api/client/info/ HTTP/1.1" 401 172
[2025-12-15 11:06:26,990] INFO django.server:213 "POST /api/auth/refresh/ HTTP/1.1" 200 244
[2025-12-15 11:06:27,208] INFO django.server:213 "GET /api/client/info/ HTTP/1.1" 200 71
[2025-12-15 11:06:27,435] INFO django.server:213 "GET /api/client/info/ HTTP/1.1" 200 71
[2025-12-15 11:06:27,547] INFO django.server:213 "GET /api/schedules/?post=66 HTTP/1.1" 200 2
[2025-12-15 11:06:27,652] INFO django.server:213 "GET /api/client/info/ HTTP/1.1" 200 71
[2025-12-15 11:06:27,750] INFO django.server:213 "GET /api/schedules/?post=66 HTTP/1.1" 200 2
[2025-12-15 11:06:27,750] INFO django.server:213 "GET /api/posts/66/ HTTP/1.1" 200 3256
[2025-12-15 11:06:27,803] INFO django.server:213 "GET /media/post_videos/post_66_a68c34d8.mp4 HTTP/1.1" 304 0
[2025-12-15 11:06:27,871] INFO django.server:213 "GET /api/client/info/ HTTP/1.1" 200 71
[2025-12-15 11:06:28,079] INFO django.server:213 "GET /api/client/info/ HTTP/1.1" 200 71
[2025-12-15 11:06:28,159] INFO django.server:213 "GET /api/posts/66/ HTTP/1.1" 200 3256
[2025-12-15 11:06:28,570] INFO django.server:213 "GET /api/posts/66/ HTTP/1.1" 200 3256
[2025-12-15 11:19:39,653] INFO django.server:213 "POST /api/posts/66/generate_video/ HTTP/1.1" 200 113
[2025-12-15 11:19:46,504] INFO django.server:213 "GET /api/posts/66/ HTTP/1.1" 200 3256
[2025-12-15 11:24:47,900] INFO django.server:213 "GET /api/schedules/?post=66 HTTP/1.1" 200 2
[2025-12-15 11:24:47,959] INFO django.server:213 "GET /api/client/info/ HTTP/1.1" 200 71
[2025-12-15 11:24:48,087] INFO django.server:213 "GET /api/schedules/?post=66 HTTP/1.1" 200 2
[2025-12-15 11:24:48,159] INFO django.server:213 "GET /api/client/info/ HTTP/1.1" 200 71
[2025-12-15 11:24:48,168] INFO django.server:213 "GET /api/posts/66/ HTTP/1.1" 200 3256
[2025-12-15 11:24:48,202] INFO django.server:213 "GET /media/post_videos/post_66_a68c34d8.mp4 HTTP/1.1" 304 0
[2025-12-15 11:24:48,363] INFO django.server:213 "GET /api/client/info/ HTTP/1.1" 200 71
[2025-12-15 11:24:48,579] INFO django.server:213 "GET /api/client/info/ HTTP/1.1" 200 71
[2025-12-15 11:24:48,591] INFO django.server:213 "GET /api/posts/66/ HTTP/1.1" 200 3256
[2025-12-15 11:24:48,790] INFO django.server:213 "GET /api/client/info/ HTTP/1.1" 200 71
[2025-12-15 11:24:49,020] INFO django.server:213 "GET /api/posts/66/ HTTP/1.1" 200 3256
[2025-12-15 11:27:24,034] INFO django.server:213 "POST /api/posts/66/generate_video/ HTTP/1.1" 200 113
[2025-12-15 11:27:30,825] INFO django.server:213 "GET /api/posts/66/ HTTP/1.1" 200 3256
[2025-12-15 11:43:20,612] WARNING django.server:213 "GET /api/posts/66/ HTTP/1.1" 401 172
[2025-12-15 11:43:20,613] WARNING django.server:213 "GET /api/client/info/ HTTP/1.1" 401 172
[2025-12-15 11:43:20,613] WARNING django.server:213 "GET /api/schedules/?post=66 HTTP/1.1" 401 172
[2025-12-15 11:43:20,626] WARNING django.server:213 "GET /api/client/info/ HTTP/1.1" 401 172
[2025-12-15 11:43:20,626] WARNING django.server:213 "GET /api/schedules/?post=66 HTTP/1.1" 401 172
[2025-12-15 11:43:20,627] WARNING django.server:213 "GET /api/posts/66/ HTTP/1.1" 401 172
[2025-12-15 11:43:20,628] WARNING django.server:213 "GET /api/client/info/ HTTP/1.1" 401 172
[2025-12-15 11:43:20,631] WARNING django.server:213 "GET /api/client/info/ HTTP/1.1" 401 172
[2025-12-15 11:43:20,631] WARNING django.server:213 "GET /api/posts/66/ HTTP/1.1" 401 172
[2025-12-15 11:43:20,632] WARNING django.server:213 "GET /api/client/info/ HTTP/1.1" 401 172
[2025-12-15 11:43:21,203] INFO django.server:213 "POST /api/auth/refresh/ HTTP/1.1" 200 244
[2025-12-15 11:43:21,408] INFO django.server:213 "GET /api/client/info/ HTTP/1.1" 200 71
[2025-12-15 11:43:21,613] INFO django.server:213 "GET /api/client/info/ HTTP/1.1" 200 71
[2025-12-15 11:43:21,766] INFO django.server:213 "GET /api/schedules/?post=66 HTTP/1.1" 200 2
[2025-12-15 11:43:21,820] INFO django.server:213 "GET /api/client/info/ HTTP/1.1" 200 71
[2025-12-15 11:43:21,924] INFO django.server:213 "GET /api/posts/66/ HTTP/1.1" 200 3539
[2025-12-15 11:43:21,965] INFO django.server:213 "GET /api/schedules/?post=66 HTTP/1.1" 200 2
[2025-12-15 11:43:21,974] INFO django.server:213 "GET /media/post_videos/post_66_a68c34d8.mp4 HTTP/1.1" 304 0
[2025-12-15 11:43:21,994] INFO django.server:213 "GET /media/post_videos/post_66_2e4d7265.mp4 HTTP/1.1" 200 2936691
[2025-12-15 11:43:22,016] INFO django.server:213 "GET /api/client/info/ HTTP/1.1" 200 71
[2025-12-15 11:43:23,016] INFO django.server:213 "GET /api/client/info/ HTTP/1.1" 200 71
[2025-12-15 11:43:24,221] INFO django.server:213 "GET /api/posts/66/ HTTP/1.1" 200 3539
[2025-12-15 11:43:24,612] INFO django.server:213 "GET /api/posts/66/ HTTP/1.1" 200 3539
[2025-12-15 11:46:20,654] INFO django.server:213 "GET /media/post_videos/post_66_2e4d7265.mp4 HTTP/1.1" 304 0
[2025-12-15 12:00:53,035] INFO django.server:213 "OPTIONS /api/posts/66/delete_video/?video_id=75 HTTP/1.1" 200 0
[2025-12-15 12:00:53,849] INFO django.server:213 "DELETE /api/posts/66/delete_video/?video_id=75 HTTP/1.1" 200 55
[2025-12-15 12:00:54,271] INFO django.server:213 "GET /api/posts/66/ HTTP/1.1" 200 3256
[2025-12-15 14:03:22,762] WARNING django.server:213 "GET /api/client/info/ HTTP/1.1" 401 58
[2025-12-15 14:03:22,763] WARNING django.server:213 "GET /api/schedules/?post=66 HTTP/1.1" 401 58
[2025-12-15 14:03:22,763] WARNING django.server:213 "GET /api/posts/66/ HTTP/1.1" 401 58
[2025-12-15 14:03:22,770] WARNING django.server:213 "GET /api/schedules/?post=66 HTTP/1.1" 401 58
[2025-12-15 14:03:22,771] WARNING django.server:213 "GET /api/posts/66/ HTTP/1.1" 401 58
[2025-12-15 14:03:22,772] WARNING django.server:213 "GET /api/posts/66/ HTTP/1.1" 401 58
[2025-12-15 14:03:22,772] WARNING django.server:213 "GET /api/client/info/ HTTP/1.1" 401 58
[2025-12-15 14:03:22,774] INFO django.server:213 "OPTIONS /api/auth/refresh/ HTTP/1.1" 200 0
[2025-12-15 14:03:22,774] WARNING django.server:213 "GET /api/client/info/ HTTP/1.1" 401 58
[2025-12-15 14:03:22,778] WARNING django.server:213 "GET /api/client/info/ HTTP/1.1" 401 58
[2025-12-15 14:03:22,780] WARNING django.server:213 "GET /api/client/info/ HTTP/1.1" 401 58
[2025-12-15 14:03:23,515] INFO django.server:213 "POST /api/auth/refresh/ HTTP/1.1" 200 244
[2025-12-15 14:03:23,735] INFO django.server:213 "GET /api/client/info/ HTTP/1.1" 200 71
[2025-12-15 14:03:23,950] INFO django.server:213 "GET /api/client/info/ HTTP/1.1" 200 71
[2025-12-15 14:03:24,176] INFO django.server:213 "GET /api/client/info/ HTTP/1.1" 200 71
[2025-12-15 14:03:24,315] INFO django.server:213 "GET /api/schedules/?post=66 HTTP/1.1" 200 2
[2025-12-15 14:03:24,371] INFO django.server:213 "GET /api/client/info/ HTTP/1.1" 200 71
[2025-12-15 14:03:24,597] INFO django.server:213 "GET /api/schedules/?post=66 HTTP/1.1" 200 2
[2025-12-15 14:03:24,618] INFO django.server:213 "GET /api/posts/66/ HTTP/1.1" 200 3256
[2025-12-15 14:03:24,693] INFO django.server:213 "GET /media/post_videos/post_66_a68c34d8.mp4 HTTP/1.1" 304 0
[2025-12-15 14:03:24,724] INFO django.server:213 "GET /api/client/info/ HTTP/1.1" 200 71
[2025-12-15 14:03:25,309] INFO django.server:213 "GET /api/posts/66/ HTTP/1.1" 200 3256
[2025-12-15 14:03:25,846] INFO django.server:213 "GET /api/posts/66/ HTTP/1.1" 200 3256
[2025-12-15 14:03:27,649] INFO django.server:213 "OPTIONS /api/posts/66/generate_video/ HTTP/1.1" 200 0
[2025-12-15 14:03:28,206] INFO django.server:213 "POST /api/posts/66/generate_video/ HTTP/1.1" 200 113
[2025-12-15 14:03:34,707] INFO django.server:213 "GET /api/posts/66/ HTTP/1.1" 200 3256
[2025-12-15 14:09:02,093] INFO django.server:213 "GET /api/client/info/ HTTP/1.1" 200 71
[2025-12-15 14:09:02,097] INFO django.server:213 "GET /api/schedules/?post=66 HTTP/1.1" 200 2
[2025-12-15 14:09:02,297] INFO django.server:213 "GET /api/client/info/ HTTP/1.1" 200 71
[2025-12-15 14:09:02,304] INFO django.server:213 "GET /api/posts/66/ HTTP/1.1" 200 3256
[2025-12-15 14:09:02,309] INFO django.server:213 "GET /api/schedules/?post=66 HTTP/1.1" 200 2
[2025-12-15 14:09:02,509] INFO django.server:213 "GET /api/client/info/ HTTP/1.1" 200 71
[2025-12-15 14:09:02,727] INFO django.server:213 "GET /api/client/info/ HTTP/1.1" 200 71
[2025-12-15 14:09:02,737] INFO django.server:213 "GET /api/posts/66/ HTTP/1.1" 200 3256
[2025-12-15 14:09:02,957] INFO django.server:213 "GET /api/client/info/ HTTP/1.1" 200 71
[2025-12-15 14:09:03,196] INFO django.server:213 "GET /api/posts/66/ HTTP/1.1" 200 3256
[2025-12-15 14:12:02,853] INFO django.server:213 "POST /api/posts/66/generate_video/ HTTP/1.1" 200 113
[2025-12-15 14:12:09,629] INFO django.server:213 "GET /api/posts/66/ HTTP/1.1" 200 3256
[2025-12-15 14:17:33,888] INFO django.server:213 "GET /api/schedules/?post=66 HTTP/1.1" 200 2
[2025-12-15 14:17:33,888] INFO django.server:213 "GET /api/client/info/ HTTP/1.1" 200 71
[2025-12-15 14:17:34,090] INFO django.server:213 "GET /api/schedules/?post=66 HTTP/1.1" 200 2
[2025-12-15 14:17:34,097] INFO django.server:213 "GET /api/posts/66/ HTTP/1.1" 200 3539
[2025-12-15 14:17:34,103] INFO django.server:213 "GET /api/client/info/ HTTP/1.1" 200 71
[2025-12-15 14:17:34,163] INFO django.server:213 "GET /media/post_videos/post_66_1231c899.mp4 HTTP/1.1" 200 2740719
[2025-12-15 14:17:34,608] INFO django.server:213 "GET /api/client/info/ HTTP/1.1" 200 71
[2025-12-15 14:17:34,758] INFO django.server:213 "GET /api/posts/66/ HTTP/1.1" 200 3539
[2025-12-15 14:17:34,814] INFO django.server:213 "GET /api/client/info/ HTTP/1.1" 200 71
[2025-12-15 14:17:35,006] INFO django.server:213 "GET /api/client/info/ HTTP/1.1" 200 71
[2025-12-15 14:17:35,170] INFO django.server:213 "GET /api/posts/66/ HTTP/1.1" 200 3539
[2025-12-15 14:37:50,616] WARNING django.server:213 "POST /api/posts/66/generate_video/ HTTP/1.1" 401 172
[2025-12-15 14:37:51,189] INFO django.server:213 "POST /api/auth/refresh/ HTTP/1.1" 200 244
[2025-12-15 14:37:51,660] INFO django.server:213 "POST /api/posts/66/generate_video/ HTTP/1.1" 200 113
[2025-12-15 14:37:58,476] INFO django.server:213 "GET /api/posts/66/ HTTP/1.1" 200 3539
[2025-12-15 14:48:46,156] INFO django.server:213 "GET /api/client/info/ HTTP/1.1" 200 71
[2025-12-15 14:48:46,163] INFO django.server:213 "GET /api/schedules/?post=66 HTTP/1.1" 200 2
[2025-12-15 14:48:46,452] INFO django.server:213 "GET /api/client/info/ HTTP/1.1" 200 71
[2025-12-15 14:48:46,466] INFO django.server:213 "GET /api/posts/66/ HTTP/1.1" 200 3822
[2025-12-15 14:48:46,652] INFO django.server:213 "GET /api/schedules/?post=66 HTTP/1.1" 200 2
[2025-12-15 14:48:46,657] INFO django.server:213 "GET /media/post_videos/post_66_a68c34d8.mp4 HTTP/1.1" 304 0
[2025-12-15 14:48:46,664] INFO django.server:213 "GET /media/post_videos/post_66_1231c899.mp4 HTTP/1.1" 304 0
[2025-12-15 14:48:46,676] INFO django.server:213 "GET /media/post_videos/post_66_979c53d1.mp4 HTTP/1.1" 200 2123760
[2025-12-15 14:48:46,703] INFO django.server:213 "GET /api/client/info/ HTTP/1.1" 200 71
[2025-12-15 14:48:47,237] INFO django.server:213 "GET /api/client/info/ HTTP/1.1" 200 71
[2025-12-15 14:48:47,293] INFO django.server:213 "GET /api/posts/66/ HTTP/1.1" 200 3822
[2025-12-15 14:48:47,470] INFO django.server:213 "GET /api/client/info/ HTTP/1.1" 200 71
[2025-12-15 14:48:47,839] INFO django.server:213 "GET /api/posts/66/ HTTP/1.1" 200 3822
[2025-12-15 14:48:52,454] INFO django.server:213 "OPTIONS /api/posts/66/delete_video/?video_id=76 HTTP/1.1" 200 0
[2025-12-15 14:48:53,100] INFO django.server:213 "DELETE /api/posts/66/delete_video/?video_id=76 HTTP/1.1" 200 55
[2025-12-15 14:48:53,670] INFO django.server:213 "GET /api/posts/66/ HTTP/1.1" 200 3539
[2025-12-15 14:58:07,449] WARNING django.server:213 "POST /api/posts/66/generate_video/ HTTP/1.1" 400 75
[2025-12-15 14:58:13,599] INFO django.server:213 "POST /api/posts/66/generate_video/ HTTP/1.1" 200 113
[2025-12-15 14:58:20,394] INFO django.server:213 "GET /api/posts/66/ HTTP/1.1" 200 3539
[2025-12-15 15:07:35,674] INFO django.server:213 "OPTIONS /api/posts/66/delete_video/?video_id=77 HTTP/1.1" 200 0
[2025-12-15 15:07:36,447] INFO django.server:213 "DELETE /api/posts/66/delete_video/?video_id=77 HTTP/1.1" 200 55
[2025-12-15 15:07:36,854] INFO django.server:213 "GET /api/posts/66/ HTTP/1.1" 200 3256
[2025-12-15 15:07:40,087] INFO django.server:213 "OPTIONS /api/posts/66/delete_video/?video_id=74 HTTP/1.1" 200 0
[2025-12-15 15:07:40,793] INFO django.server:213 "DELETE /api/posts/66/delete_video/?video_id=74 HTTP/1.1" 200 55
[2025-12-15 15:07:41,190] INFO django.server:213 "GET /api/posts/66/ HTTP/1.1" 200 2974
[2025-12-15 15:07:43,506] INFO django.server:213 "POST /api/posts/66/generate_video/ HTTP/1.1" 200 113
[2025-12-15 15:07:50,383] INFO django.server:213 "GET /api/posts/66/ HTTP/1.1" 200 2974
[2025-12-15 15:15:41,190] WARNING django.server:213 "GET /api/client/info/ HTTP/1.1" 401 172
[2025-12-15 15:15:41,190] WARNING django.server:213 "GET /api/posts/66/ HTTP/1.1" 401 172
[2025-12-15 15:15:41,191] WARNING django.server:213 "GET /api/schedules/?post=66 HTTP/1.1" 401 172
[2025-12-15 15:15:41,204] WARNING django.server:213 "GET /api/posts/66/ HTTP/1.1" 401 172
[2025-12-15 15:15:41,205] WARNING django.server:213 "GET /api/schedules/?post=66 HTTP/1.1" 401 172
[2025-12-15 15:15:41,206] WARNING django.server:213 "GET /api/client/info/ HTTP/1.1" 401 172
[2025-12-15 15:15:41,209] WARNING django.server:213 "GET /api/client/info/ HTTP/1.1" 401 172
[2025-12-15 15:15:41,209] WARNING django.server:213 "GET /api/posts/66/ HTTP/1.1" 401 172
[2025-12-15 15:15:41,212] WARNING django.server:213 "GET /api/client/info/ HTTP/1.1" 401 172
[2025-12-15 15:15:41,214] WARNING django.server:213 "GET /api/client/info/ HTTP/1.1" 401 172
[2025-12-15 15:15:41,690] INFO django.server:213 "POST /api/auth/refresh/ HTTP/1.1" 200 244
[2025-12-15 15:15:41,910] INFO django.server:213 "GET /api/client/info/ HTTP/1.1" 200 71
[2025-12-15 15:15:42,102] INFO django.server:213 "GET /api/client/info/ HTTP/1.1" 200 71
[2025-12-15 15:15:42,264] INFO django.server:213 "GET /api/schedules/?post=66 HTTP/1.1" 200 2
[2025-12-15 15:15:42,299] INFO django.server:213 "GET /api/client/info/ HTTP/1.1" 200 71
[2025-12-15 15:15:42,540] INFO django.server:213 "GET /api/posts/66/ HTTP/1.1" 200 3256
[2025-12-15 15:15:42,556] INFO django.server:213 "GET /api/schedules/?post=66 HTTP/1.1" 200 2
[2025-12-15 15:15:42,597] INFO django.server:213 "GET /api/client/info/ HTTP/1.1" 200 71
[2025-12-15 15:15:42,622] INFO django.server:213 "GET /media/post_videos/post_66_8e8fe703.mp4 HTTP/1.1" 200 5690081
[2025-12-15 15:15:42,786] INFO django.server:213 "GET /api/client/info/ HTTP/1.1" 200 71
[2025-12-15 15:15:42,929] INFO django.server:213 "GET /api/posts/66/ HTTP/1.1" 200 3256
[2025-12-15 15:15:43,358] INFO django.server:213 "GET /api/posts/66/ HTTP/1.1" 200 3256
[2025-12-15 15:17:29,670] INFO django.server:213 "POST /api/posts/66/generate_video/ HTTP/1.1" 200 113
[2025-12-15 15:17:36,564] INFO django.server:213 "GET /api/posts/66/ HTTP/1.1" 200 3256
[2025-12-15 15:36:52,630] INFO django.server:213 "GET /api/client/info/ HTTP/1.1" 200 71
[2025-12-15 15:36:52,635] INFO django.server:213 "GET /api/schedules/?post=66 HTTP/1.1" 200 2
[2025-12-15 15:36:52,833] INFO django.server:213 "GET /api/client/info/ HTTP/1.1" 200 71
[2025-12-15 15:36:52,833] INFO django.server:213 "GET /api/posts/66/ HTTP/1.1" 200 3256
[2025-12-15 15:36:52,861] INFO django.server:213 "GET /api/schedules/?post=66 HTTP/1.1" 200 2
[2025-12-15 15:36:52,874] INFO django.server:213 "GET /media/post_videos/post_66_8e8fe703.mp4 HTTP/1.1" 304 0
[2025-12-15 15:36:53,062] INFO django.server:213 "GET /api/client/info/ HTTP/1.1" 200 71
[2025-12-15 15:36:53,323] INFO django.server:213 "GET /api/client/info/ HTTP/1.1" 200 71
[2025-12-15 15:36:53,324] INFO django.server:213 "GET /api/posts/66/ HTTP/1.1" 200 3256
[2025-12-15 15:36:53,594] INFO django.server:213 "GET /api/client/info/ HTTP/1.1" 200 71
[2025-12-15 15:36:53,848] INFO django.server:213 "GET /api/posts/66/ HTTP/1.1" 200 3256
[2025-12-15 15:36:56,795] INFO django.server:213 "POST /api/posts/66/generate_image/ HTTP/1.1" 200 118
[2025-12-15 15:37:02,631] INFO django.server:213 "GET /api/posts/66/ HTTP/1.1" 200 3256
[2025-12-15 15:37:07,699] INFO django.server:213 "GET /api/posts/66/ HTTP/1.1" 200 3256
[2025-12-15 15:37:12,666] INFO django.server:213 "GET /api/posts/66/ HTTP/1.1" 200 3256
[2025-12-15 15:37:17,631] INFO django.server:213 "GET /api/posts/66/ HTTP/1.1" 200 3256
[2025-12-15 15:37:22,642] INFO django.server:213 "GET /api/posts/66/ HTTP/1.1" 200 3256
[2025-12-15 15:37:27,719] INFO django.server:213 "GET /api/posts/66/ HTTP/1.1" 200 3256
[2025-12-15 15:37:32,657] INFO django.server:213 "GET /api/posts/66/ HTTP/1.1" 200 3256
[2025-12-15 15:37:37,591] INFO django.server:213 "GET /api/posts/66/ HTTP/1.1" 200 3256
[2025-12-15 15:37:48,572] INFO django.server:213 "GET /api/posts/66/ HTTP/1.1" 200 3256
[2025-12-15 15:37:53,144] INFO django.server:213 "GET /api/posts/66/ HTTP/1.1" 200 3256
[2025-12-15 15:37:58,187] INFO django.server:213 "GET /api/posts/66/ HTTP/1.1" 200 3256
[2025-12-15 15:38:03,147] INFO django.server:213 "GET /api/posts/66/ HTTP/1.1" 200 3256
[2025-12-15 15:38:08,166] INFO django.server:213 "GET /api/posts/66/ HTTP/1.1" 200 3256
[2025-12-15 15:38:13,163] INFO django.server:213 "GET /api/posts/66/ HTTP/1.1" 200 3256
[2025-12-15 15:38:18,145] INFO django.server:213 "GET /api/posts/66/ HTTP/1.1" 200 3256
[2025-12-15 15:38:23,130] INFO django.server:213 "GET /api/posts/66/ HTTP/1.1" 200 3256
[2025-12-15 15:38:28,151] INFO django.server:213 "GET /api/posts/66/ HTTP/1.1" 200 3256
[2025-12-15 15:38:33,332] INFO django.server:213 "GET /api/posts/66/ HTTP/1.1" 200 3446
[2025-12-15 15:38:33,372] INFO django.server:213 "GET /media/post_images/post_66_a879082c.jpg HTTP/1.1" 200 169015
[2025-12-15 15:38:41,751] INFO django.server:213 "GET /api/schedules/?post=66 HTTP/1.1" 200 2
[2025-12-15 15:38:41,763] INFO django.server:213 "GET /api/client/info/ HTTP/1.1" 200 71
[2025-12-15 15:38:41,943] INFO django.server:213 "GET /api/schedules/?post=66 HTTP/1.1" 200 2
[2025-12-15 15:38:41,974] INFO django.server:213 "GET /api/client/info/ HTTP/1.1" 200 71
[2025-12-15 15:38:42,013] INFO django.server:213 "GET /api/posts/66/ HTTP/1.1" 200 3446
[2025-12-15 15:38:42,040] INFO django.server:213 "GET /media/post_images/post_66_a879082c.jpg HTTP/1.1" 304 0
[2025-12-15 15:38:42,172] INFO django.server:213 "GET /api/client/info/ HTTP/1.1" 200 71
[2025-12-15 15:38:42,374] INFO django.server:213 "GET /api/client/info/ HTTP/1.1" 200 71
[2025-12-15 15:38:42,460] INFO django.server:213 "GET /api/posts/66/ HTTP/1.1" 200 3446
[2025-12-15 15:38:42,606] INFO django.server:213 "GET /api/client/info/ HTTP/1.1" 200 71
[2025-12-15 15:38:42,913] INFO django.server:213 "GET /api/posts/66/ HTTP/1.1" 200 3446
[2025-12-15 15:43:06,378] INFO django.server:213 "GET /api/schedules/?post=66 HTTP/1.1" 200 2
[2025-12-15 15:43:06,645] ERROR django.server:213 "GET /api/posts/66/ HTTP/1.1" 500 160464
[2025-12-15 15:43:12,942] INFO django.server:213 "GET /api/schedules/?post=66 HTTP/1.1" 200 2
[2025-12-15 15:43:13,183] ERROR django.server:213 "GET /api/posts/66/ HTTP/1.1" 500 160464
[2025-12-15 15:44:09,212] INFO django.server:213 "GET /api/client/info/ HTTP/1.1" 200 71
[2025-12-15 15:44:09,212] INFO django.server:213 "GET /api/schedules/?post=66 HTTP/1.1" 200 2
[2025-12-15 15:44:09,457] INFO django.server:213 "GET /api/schedules/?post=66 HTTP/1.1" 200 2
[2025-12-15 15:44:09,457] INFO django.server:213 "GET /api/client/info/ HTTP/1.1" 200 71
[2025-12-15 15:44:09,492] ERROR django.server:213 "GET /api/posts/66/ HTTP/1.1" 500 160464
[2025-12-15 15:44:09,718] INFO django.server:213 "GET /api/client/info/ HTTP/1.1" 200 71
[2025-12-15 15:44:09,922] INFO django.server:213 "GET /api/client/info/ HTTP/1.1" 200 71
[2025-12-15 15:44:09,981] ERROR django.server:213 "GET /api/posts/66/ HTTP/1.1" 500 160464
[2025-12-15 15:44:10,130] INFO django.server:213 "GET /api/client/info/ HTTP/1.1" 200 71
[2025-12-15 15:44:10,487] ERROR django.server:213 "GET /api/posts/66/ HTTP/1.1" 500 160464
[2025-12-15 15:45:23,383] INFO django.server:213 "GET /api/schedules/?post=66 HTTP/1.1" 200 2
[2025-12-15 15:45:23,383] INFO django.server:213 "GET /api/client/info/ HTTP/1.1" 200 71
[2025-12-15 15:45:24,067] INFO django.server:213 "GET /api/client/info/ HTTP/1.1" 200 71
[2025-12-15 15:45:24,072] INFO django.server:213 "GET /api/schedules/?post=66 HTTP/1.1" 200 2
[2025-12-15 15:45:24,146] INFO django.server:213 "GET /api/posts/66/ HTTP/1.1" 200 3473
[2025-12-15 15:45:24,190] INFO django.server:213 "GET /media/post_images/post_66_a879082c.jpg HTTP/1.1" 304 0
[2025-12-15 15:45:24,236] INFO django.server:213 "GET /media/post_videos/post_66_8e8fe703.mp4 HTTP/1.1" 304 0
[2025-12-15 15:45:24,287] INFO django.server:213 "GET /api/client/info/ HTTP/1.1" 200 71
[2025-12-15 15:45:24,488] INFO django.server:213 "GET /api/client/info/ HTTP/1.1" 200 71
[2025-12-15 15:45:24,572] INFO django.server:213 "GET /api/posts/66/ HTTP/1.1" 200 3473
[2025-12-15 15:45:24,691] INFO django.server:213 "GET /api/client/info/ HTTP/1.1" 200 71
[2025-12-15 15:45:25,016] INFO django.server:213 "GET /api/posts/66/ HTTP/1.1" 200 3473
[2025-12-15 15:49:07,538] WARNING django.server:213 "GET /api/schedules/?post=66 HTTP/1.1" 401 172
[2025-12-15 15:49:07,539] WARNING django.server:213 "GET /api/posts/66/ HTTP/1.1" 401 172
[2025-12-15 15:49:08,329] INFO django.server:213 "POST /api/auth/refresh/ HTTP/1.1" 200 244
[2025-12-15 15:49:08,615] INFO django.server:213 "GET /api/schedules/?post=66 HTTP/1.1" 200 2
[2025-12-15 15:49:09,946] INFO django.server:213 "GET /api/posts/66/ HTTP/1.1" 200 3473
[2025-12-15 15:49:22,647] INFO django.server:213 "GET /media/post_videos/post_66_8e8fe703.mp4 HTTP/1.1" 304 0
[2025-12-15 15:49:23,225] INFO django.server:213 "GET /api/schedules/?post=66 HTTP/1.1" 200 2
[2025-12-15 15:49:23,449] INFO django.server:213 "GET /api/posts/66/ HTTP/1.1" 200 3473
[2025-12-15 15:54:01,347] INFO django.server:213 "GET /api/client/info/ HTTP/1.1" 200 71
[2025-12-15 15:54:01,347] INFO django.server:213 "GET /api/schedules/?post=66 HTTP/1.1" 200 2
[2025-12-15 15:54:01,540] INFO django.server:213 "GET /api/client/info/ HTTP/1.1" 200 71
[2025-12-15 15:54:01,549] INFO django.server:213 "GET /api/schedules/?post=66 HTTP/1.1" 200 2
[2025-12-15 15:54:01,578] INFO django.server:213 "GET /api/posts/66/ HTTP/1.1" 200 3473
[2025-12-15 15:54:01,621] INFO django.server:213 "GET /media/post_images/post_66_a879082c.jpg HTTP/1.1" 304 0
[2025-12-15 15:54:01,671] INFO django.server:213 "GET /media/post_videos/post_66_8e8fe703.mp4 HTTP/1.1" 304 0
[2025-12-15 15:54:01,745] INFO django.server:213 "GET /api/client/info/ HTTP/1.1" 200 71
[2025-12-15 15:54:01,935] INFO django.server:213 "GET /api/client/info/ HTTP/1.1" 200 71
[2025-12-15 15:54:02,015] INFO django.server:213 "GET /api/posts/66/ HTTP/1.1" 200 3473
[2025-12-15 15:54:02,133] INFO django.server:213 "GET /api/client/info/ HTTP/1.1" 200 71
[2025-12-15 15:54:02,464] INFO django.server:213 "GET /api/posts/66/ HTTP/1.1" 200 3473
[2025-12-15 15:54:43,972] INFO django.server:213 "POST /api/posts/66/generate_image/ HTTP/1.1" 200 118
[2025-12-15 15:54:49,746] INFO django.server:213 "GET /api/posts/66/ HTTP/1.1" 200 3473
[2025-12-15 15:54:54,858] INFO django.server:213 "GET /api/posts/66/ HTTP/1.1" 200 3473
[2025-12-15 15:55:00,054] INFO django.server:213 "GET /api/posts/66/ HTTP/1.1" 200 3473
[2025-12-15 15:55:04,839] INFO django.server:213 "GET /api/posts/66/ HTTP/1.1" 200 3473
[2025-12-15 15:55:09,845] INFO django.server:213 "GET /api/posts/66/ HTTP/1.1" 200 3473
[2025-12-15 15:55:14,853] INFO django.server:213 "GET /api/posts/66/ HTTP/1.1" 200 3473
[2025-12-15 15:55:19,763] INFO django.server:213 "GET /api/posts/66/ HTTP/1.1" 200 3473
[2025-12-15 15:55:24,738] INFO django.server:213 "GET /api/posts/66/ HTTP/1.1" 200 3473
[2025-12-15 15:55:29,797] INFO django.server:213 "GET /api/posts/66/ HTTP/1.1" 200 3473
[2025-12-15 15:55:34,808] INFO django.server:213 "GET /api/posts/66/ HTTP/1.1" 200 3473
[2025-12-15 15:55:39,804] INFO django.server:213 "GET /api/posts/66/ HTTP/1.1" 200 3473
[2025-12-15 15:55:44,826] INFO django.server:213 "GET /api/posts/66/ HTTP/1.1" 200 3473
[2025-12-15 15:55:49,749] INFO django.server:213 "GET /api/posts/66/ HTTP/1.1" 200 3473
[2025-12-15 15:55:54,835] INFO django.server:213 "GET /api/posts/66/ HTTP/1.1" 200 3473
[2025-12-15 15:55:59,751] INFO django.server:213 "GET /api/posts/66/ HTTP/1.1" 200 3473
[2025-12-15 15:56:03,879] INFO django.server:213 "GET /api/schedules/?post=66 HTTP/1.1" 200 2
[2025-12-15 15:56:04,061] INFO django.server:213 "GET /api/posts/66/ HTTP/1.1" 200 3473
[2025-12-15 15:56:04,474] INFO django.server:213 "GET /api/posts/66/ HTTP/1.1" 200 3473
[2025-12-15 15:56:09,847] INFO django.server:213 "GET /api/posts/66/ HTTP/1.1" 200 3691
[2025-12-15 15:56:09,871] INFO django.server:213 "GET /media/post_images/post_66_2b849a4f.jpg HTTP/1.1" 200 100544
[2025-12-15 15:56:21,657] INFO django.server:213 "GET /api/schedules/?post=66 HTTP/1.1" 200 2
[2025-12-15 15:56:21,910] INFO django.server:213 "GET /api/posts/66/ HTTP/1.1" 200 3691
[2025-12-15 15:57:38,605] INFO django.server:213 "GET /api/schedules/?post=66 HTTP/1.1" 200 2
[2025-12-15 15:57:38,607] INFO django.server:213 "GET /api/client/info/ HTTP/1.1" 200 71
[2025-12-15 15:57:38,807] INFO django.server:213 "GET /api/posts/66/ HTTP/1.1" 200 3691
[2025-12-15 15:57:38,807] INFO django.server:213 "GET /api/client/info/ HTTP/1.1" 200 71
[2025-12-15 15:57:38,813] INFO django.server:213 "GET /api/schedules/?post=66 HTTP/1.1" 200 2
[2025-12-15 15:57:38,842] INFO django.server:213 "GET /media/post_images/post_66_a879082c.jpg HTTP/1.1" 304 0
[2025-12-15 15:57:38,846] INFO django.server:213 "GET /media/post_images/post_66_2b849a4f.jpg HTTP/1.1" 304 0
[2025-12-15 15:57:39,012] INFO django.server:213 "GET /api/client/info/ HTTP/1.1" 200 71
[2025-12-15 15:57:39,231] INFO django.server:213 "GET /api/client/info/ HTTP/1.1" 200 71
[2025-12-15 15:57:39,481] INFO django.server:213 "GET /api/client/info/ HTTP/1.1" 200 71
[2025-12-15 15:57:39,646] INFO django.server:213 "GET /api/posts/66/ HTTP/1.1" 200 3691
[2025-12-15 15:57:40,084] INFO django.server:213 "GET /api/posts/66/ HTTP/1.1" 200 3691
[2025-12-15 15:58:04,187] INFO django.server:213 "GET /api/schedules/?post=66 HTTP/1.1" 200 2
[2025-12-15 15:58:04,412] INFO django.server:213 "GET /api/posts/66/ HTTP/1.1" 200 3691
[2025-12-15 15:59:52,549] INFO django.server:213 "GET /api/schedules/?post=66 HTTP/1.1" 200 2
[2025-12-15 15:59:52,549] INFO django.server:213 "GET /api/client/info/ HTTP/1.1" 200 71
[2025-12-15 15:59:52,744] INFO django.server:213 "GET /api/client/info/ HTTP/1.1" 200 71
[2025-12-15 15:59:52,750] INFO django.server:213 "GET /api/schedules/?post=66 HTTP/1.1" 200 2
[2025-12-15 15:59:52,779] INFO django.server:213 "GET /api/posts/66/ HTTP/1.1" 200 3691
[2025-12-15 15:59:52,902] INFO django.server:213 "GET /media/post_images/post_66_a879082c.jpg HTTP/1.1" 304 0
[2025-12-15 15:59:52,946] INFO django.server:213 "GET /api/client/info/ HTTP/1.1" 200 71
[2025-12-15 15:59:52,952] INFO django.server:213 "GET /media/post_images/post_66_2b849a4f.jpg HTTP/1.1" 304 0
[2025-12-15 15:59:52,960] INFO django.server:213 "GET /media/post_videos/post_66_8e8fe703.mp4 HTTP/1.1" 304 0
[2025-12-15 15:59:53,143] INFO django.server:213 "GET /api/client/info/ HTTP/1.1" 200 71
[2025-12-15 15:59:53,242] INFO django.server:213 "GET /api/posts/66/ HTTP/1.1" 200 3691
[2025-12-15 15:59:53,339] INFO django.server:213 "GET /api/client/info/ HTTP/1.1" 200 71
[2025-12-15 15:59:53,638] INFO django.server:213 "GET /api/posts/66/ HTTP/1.1" 200 3691
[2025-12-15 16:00:02,453] INFO django.server:213 "GET /api/client/info/ HTTP/1.1" 200 71
[2025-12-15 16:00:02,454] INFO django.server:213 "GET /api/schedules/?post=66 HTTP/1.1" 200 2
[2025-12-15 16:00:02,655] INFO django.server:213 "GET /api/schedules/?post=66 HTTP/1.1" 200 2
[2025-12-15 16:00:02,655] INFO django.server:213 "GET /api/client/info/ HTTP/1.1" 200 71
[2025-12-15 16:00:02,673] INFO django.server:213 "GET /api/posts/66/ HTTP/1.1" 200 3691
[2025-12-15 16:00:02,848] INFO django.server:213 "GET /api/client/info/ HTTP/1.1" 200 71
[2025-12-15 16:00:03,053] INFO django.server:213 "GET /api/client/info/ HTTP/1.1" 200 71
[2025-12-15 16:00:03,077] INFO django.server:213 "GET /api/posts/66/ HTTP/1.1" 200 3691
[2025-12-15 16:00:03,258] INFO django.server:213 "GET /api/client/info/ HTTP/1.1" 200 71
[2025-12-15 16:00:03,514] INFO django.server:213 "GET /api/posts/66/ HTTP/1.1" 200 3691
[2025-12-15 16:00:08,313] INFO django.server:213 "OPTIONS /api/posts/66/delete_image/?image_id=13 HTTP/1.1" 200 0
[2025-12-15 16:00:08,693] INFO django.server:213 "DELETE /api/posts/66/delete_image/?image_id=13 HTTP/1.1" 200 55
[2025-12-15 16:00:09,135] INFO django.server:213 "GET /api/posts/66/ HTTP/1.1" 200 3473
[2025-12-15 16:00:11,457] INFO django.server:213 "POST /api/posts/66/generate_video/ HTTP/1.1" 200 113
[2025-12-15 16:00:18,346] INFO django.server:213 "GET /api/posts/66/ HTTP/1.1" 200 3473
[2025-12-15 16:05:15,618] INFO django.server:213 "GET /api/schedules/?post=66 HTTP/1.1" 200 2
[2025-12-15 16:05:15,879] INFO django.server:213 "GET /api/posts/66/ HTTP/1.1" 200 3473
[2025-12-15 16:05:25,828] INFO django.server:213 "GET /api/schedules/?post=66 HTTP/1.1" 200 2
[2025-12-15 16:05:26,059] INFO django.server:213 "GET /api/posts/66/ HTTP/1.1" 200 3473
[2025-12-15 16:08:24,008] INFO django.server:213 "GET /api/client/info/ HTTP/1.1" 200 71
[2025-12-15 16:08:24,034] INFO django.server:213 "GET /api/schedules/?post=66 HTTP/1.1" 200 2
[2025-12-15 16:08:24,207] INFO django.server:213 "GET /api/posts/66/ HTTP/1.1" 200 3473
[2025-12-15 16:08:24,218] INFO django.server:213 "GET /api/client/info/ HTTP/1.1" 200 71
[2025-12-15 16:08:24,251] INFO django.server:213 "GET /api/schedules/?post=66 HTTP/1.1" 200 2
[2025-12-15 16:08:24,255] INFO django.server:213 "GET /media/post_images/post_66_a879082c.jpg HTTP/1.1" 304 0
[2025-12-15 16:08:24,260] INFO django.server:213 "GET /media/post_videos/post_66_8e8fe703.mp4 HTTP/1.1" 304 0
[2025-12-15 16:08:24,423] INFO django.server:213 "GET /api/client/info/ HTTP/1.1" 200 71
[2025-12-15 16:08:24,601] INFO django.server:213 "GET /api/posts/66/ HTTP/1.1" 200 3473
[2025-12-15 16:08:24,628] INFO django.server:213 "GET /api/client/info/ HTTP/1.1" 200 71
[2025-12-15 16:08:24,839] INFO django.server:213 "GET /api/client/info/ HTTP/1.1" 200 71
[2025-12-15 16:08:25,037] INFO django.server:213 "GET /api/posts/66/ HTTP/1.1" 200 3473
[2025-12-15 16:09:29,983] INFO django.server:213 "GET /api/schedules/?post=66 HTTP/1.1" 200 2
[2025-12-15 16:09:30,258] INFO django.server:213 "GET /api/posts/66/ HTTP/1.1" 200 3756
[2025-12-15 16:09:30,370] INFO django.server:213 "GET /media/post_videos/post_66_3a51c001.mp4 HTTP/1.1" 200 2827975
[2025-12-15 16:09:40,127] INFO django.server:213 "GET /api/schedules/?post=66 HTTP/1.1" 200 2
[2025-12-15 16:09:40,128] INFO django.server:213 "GET /api/client/info/ HTTP/1.1" 200 71
[2025-12-15 16:09:40,337] INFO django.server:213 "GET /api/posts/66/ HTTP/1.1" 200 3756
[2025-12-15 16:09:40,343] INFO django.server:213 "GET /api/client/info/ HTTP/1.1" 200 71
[2025-12-15 16:09:40,366] INFO django.server:213 "GET /media/post_videos/post_66_3a51c001.mp4 HTTP/1.1" 304 0
[2025-12-15 16:09:52,702] INFO django.server:213 "GET /api/schedules/?post=66 HTTP/1.1" 200 2
[2025-12-15 16:09:52,719] INFO django.server:213 "GET /api/client/info/ HTTP/1.1" 200 71
[2025-12-15 16:09:52,922] INFO django.server:213 "GET /api/client/info/ HTTP/1.1" 200 71
[2025-12-15 16:09:52,936] INFO django.server:213 "GET /api/posts/66/ HTTP/1.1" 200 3756
[2025-12-15 16:10:10,978] INFO django.server:213 "GET /media/post_videos/post_66_3a51c001.mp4 HTTP/1.1" 304 0
[2025-12-15 16:10:11,636] INFO django.server:213 "GET /api/schedules/?post=66 HTTP/1.1" 200 2
[2025-12-15 16:10:11,848] INFO django.server:213 "GET /api/posts/66/ HTTP/1.1" 200 3756
[2025-12-15 16:13:27,478] INFO django.server:213 "GET /media/post_videos/post_66_3a51c001.mp4 HTTP/1.1" 304 0
[2025-12-15 16:18:25,198] INFO django.server:213 "POST /django-admin/core/client/3/change/ HTTP/1.1" 302 0
[2025-12-15 16:18:26,005] INFO django.server:213 "GET /django-admin/core/client/3/change/ HTTP/1.1" 200 64496
[2025-12-15 16:18:26,248] INFO django.server:213 "GET /django-admin/jsi18n/ HTTP/1.1" 200 3342
[2025-12-15 16:22:04,265] INFO django.server:213 "OPTIONS /api/posts/66/delete_video/?video_id=78 HTTP/1.1" 200 0
[2025-12-15 16:22:04,353] WARNING django.server:213 "DELETE /api/posts/66/delete_video/?video_id=78 HTTP/1.1" 401 172
[2025-12-15 16:22:04,360] INFO django.server:213 "OPTIONS /api/auth/refresh/ HTTP/1.1" 200 0
[2025-12-15 16:22:04,867] INFO django.server:213 "POST /api/auth/refresh/ HTTP/1.1" 200 244
[2025-12-15 16:22:05,267] INFO django.server:213 "DELETE /api/posts/66/delete_video/?video_id=78 HTTP/1.1" 200 55
[2025-12-15 16:22:05,716] INFO django.server:213 "GET /api/posts/66/ HTTP/1.1" 200 3473
[2025-12-15 16:22:08,384] INFO django.server:213 "OPTIONS /api/posts/66/generate_video/ HTTP/1.1" 200 0
[2025-12-15 16:22:09,119] INFO django.server:213 "POST /api/posts/66/generate_video/ HTTP/1.1" 200 113
[2025-12-15 16:22:16,003] INFO django.server:213 "GET /api/posts/66/ HTTP/1.1" 200 3473
[2025-12-15 16:34:39,892] INFO django.server:213 "GET /api/schedules/?post=66 HTTP/1.1" 200 2
[2025-12-15 16:34:39,896] INFO django.server:213 "GET /api/client/info/ HTTP/1.1" 200 71
[2025-12-15 16:34:40,093] INFO django.server:213 "GET /api/posts/66/ HTTP/1.1" 200 3756
[2025-12-15 16:34:40,095] INFO django.server:213 "GET /api/schedules/?post=66 HTTP/1.1" 200 2
[2025-12-15 16:34:40,097] INFO django.server:213 "GET /api/client/info/ HTTP/1.1" 200 71
[2025-12-15 16:34:40,125] INFO django.server:213 "GET /media/post_images/post_66_a879082c.jpg HTTP/1.1" 304 0
[2025-12-15 16:34:40,141] INFO django.server:213 "GET /media/post_videos/post_66_3a51c001.mp4 HTTP/1.1" 304 0
[2025-12-15 16:34:40,163] INFO django.server:213 "GET /media/post_videos/post_66_015baf3b.mp4 HTTP/1.1" 200 3526559
[2025-12-15 16:34:40,501] INFO django.server:213 "GET /api/client/info/ HTTP/1.1" 200 71
[2025-12-15 16:34:40,731] INFO django.server:213 "GET /api/posts/66/ HTTP/1.1" 200 3756
[2025-12-15 16:34:40,739] INFO django.server:213 "GET /api/client/info/ HTTP/1.1" 200 71
[2025-12-15 16:34:40,953] INFO django.server:213 "GET /api/client/info/ HTTP/1.1" 200 71
[2025-12-15 16:34:41,148] INFO django.server:213 "GET /api/posts/66/ HTTP/1.1" 200 3756
[2025-12-15 16:37:09,278] INFO django.server:213 "OPTIONS /api/posts/66/delete_video/?video_id=79 HTTP/1.1" 200 0
[2025-12-15 16:37:10,015] INFO django.server:213 "DELETE /api/posts/66/delete_video/?video_id=79 HTTP/1.1" 200 55
[2025-12-15 16:37:10,426] INFO django.server:213 "GET /api/posts/66/ HTTP/1.1" 200 3473
[2025-12-15 16:39:38,303] INFO django.server:213 "POST /api/posts/66/generate_video/ HTTP/1.1" 200 113
[2025-12-15 16:39:45,182] INFO django.server:213 "GET /api/posts/66/ HTTP/1.1" 200 3473
[2025-12-15 16:51:39,508] INFO django.server:213 "GET /api/schedules/?post=66 HTTP/1.1" 200 2
[2025-12-15 16:51:39,731] INFO django.server:213 "GET /api/posts/66/ HTTP/1.1" 200 3473
[2025-12-15 16:57:55,430] INFO django.server:213 "GET /django-admin/core/systemsetting/ HTTP/1.1" 200 18309
[2025-12-15 16:57:55,514] INFO django.server:213 "GET /static/admin/css/changelists.css HTTP/1.1" 304 0
[2025-12-15 16:57:55,742] INFO django.server:213 "GET /static/admin/js/filters.js HTTP/1.1" 304 0
[2025-12-15 16:58:02,559] INFO django.server:213 "GET /django-admin/core/systemsetting/1/change/ HTTP/1.1" 200 27591
[2025-12-15 16:58:02,774] INFO django.server:213 "GET /django-admin/jsi18n/ HTTP/1.1" 200 3342
[2025-12-15 16:58:37,941] INFO django.server:213 "POST /django-admin/core/systemsetting/1/change/ HTTP/1.1" 302 0
[2025-12-15 16:58:38,373] INFO django.server:213 "GET /django-admin/core/systemsetting/ HTTP/1.1" 200 18538
[2025-12-15 16:58:41,570] INFO django.server:213 "GET /django-admin/core/client/ HTTP/1.1" 200 21520
[2025-12-15 16:58:41,638] INFO django.server:213 "GET /static/admin/img/search.svg HTTP/1.1" 304 0
[2025-12-15 16:58:41,786] INFO django.server:213 "GET /django-admin/jsi18n/ HTTP/1.1" 200 3342
[2025-12-15 16:58:41,800] INFO django.server:213 "GET /static/admin/img/tooltag-add.svg HTTP/1.1" 304 0
[2025-12-15 16:58:43,971] INFO django.server:213 "GET /django-admin/core/client/3/change/ HTTP/1.1" 200 64259
[2025-12-15 16:58:44,164] INFO django.server:213 "GET /django-admin/jsi18n/ HTTP/1.1" 200 3342
[2025-12-15 17:00:15,174] INFO django.server:213 "POST /django-admin/core/client/3/change/ HTTP/1.1" 302 0
[2025-12-15 17:00:15,921] INFO django.server:213 "GET /django-admin/core/client/3/change/ HTTP/1.1" 200 64583
[2025-12-15 17:00:16,130] INFO django.server:213 "GET /django-admin/jsi18n/ HTTP/1.1" 200 3342
[2025-12-15 17:00:41,752] INFO django.server:213 "POST /django-admin/core/client/3/change/ HTTP/1.1" 302 0
[2025-12-15 17:00:42,535] INFO django.server:213 "GET /django-admin/core/client/3/change/ HTTP/1.1" 200 64582
[2025-12-15 17:00:42,735] INFO django.server:213 "GET /django-admin/jsi18n/ HTTP/1.1" 200 3342
[2025-12-15 17:00:52,722] INFO django.server:213 "GET /django-admin/core/systemsetting/ HTTP/1.1" 200 18309
[2025-12-15 17:00:54,863] INFO django.server:213 "GET /django-admin/core/systemsetting/1/change/ HTTP/1.1" 200 27590
[2025-12-15 17:00:55,023] INFO django.server:213 "GET /django-admin/jsi18n/ HTTP/1.1" 200 3342
[2025-12-15 17:01:04,317] INFO django.server:213 "POST /django-admin/core/systemsetting/1/change/ HTTP/1.1" 302 0
[2025-12-15 17:01:04,645] INFO django.server:213 "GET /django-admin/core/systemsetting/1/change/ HTTP/1.1" 200 27848
[2025-12-15 17:01:04,835] INFO django.server:213 "GET /django-admin/jsi18n/ HTTP/1.1" 200 3342
[2025-12-15 17:01:15,625] WARNING django.server:213 "GET /api/client/info/ HTTP/1.1" 401 172
[2025-12-15 17:01:15,630] WARNING django.server:213 "GET /api/posts/66/ HTTP/1.1" 401 172
[2025-12-15 17:01:15,636] WARNING django.server:213 "GET /api/client/info/ HTTP/1.1" 401 172
[2025-12-15 17:01:15,642] WARNING django.server:213 "GET /api/schedules/?post=66 HTTP/1.1" 401 172
[2025-12-15 17:01:15,646] WARNING django.server:213 "GET /api/posts/66/ HTTP/1.1" 401 172
[2025-12-15 17:01:15,654] WARNING django.server:213 "GET /api/client/info/ HTTP/1.1" 401 172
[2025-12-15 17:01:15,654] WARNING django.server:213 "GET /api/posts/66/ HTTP/1.1" 401 172
[2025-12-15 17:01:15,654] WARNING django.server:213 "GET /api/schedules/?post=66 HTTP/1.1" 401 172
[2025-12-15 17:01:15,656] WARNING django.server:213 "GET /api/client/info/ HTTP/1.1" 401 172
[2025-12-15 17:01:15,658] WARNING django.server:213 "GET /api/client/info/ HTTP/1.1" 401 172
[2025-12-15 17:01:16,149] INFO django.server:213 "POST /api/auth/refresh/ HTTP/1.1" 200 244
[2025-12-15 17:01:16,358] INFO django.server:213 "GET /api/client/info/ HTTP/1.1" 200 71
[2025-12-15 17:01:16,573] INFO django.server:213 "GET /api/client/info/ HTTP/1.1" 200 71
[2025-12-15 17:01:16,737] INFO django.server:213 "GET /api/schedules/?post=66 HTTP/1.1" 200 2
[2025-12-15 17:01:16,790] INFO django.server:213 "GET /api/client/info/ HTTP/1.1" 200 71
[2025-12-15 17:01:16,968] INFO django.server:213 "GET /api/schedules/?post=66 HTTP/1.1" 200 2
[2025-12-15 17:01:16,968] INFO django.server:213 "GET /api/posts/66/ HTTP/1.1" 200 3473
[2025-12-15 17:01:17,019] INFO django.server:213 "GET /media/post_images/post_66_a879082c.jpg HTTP/1.1" 304 0
[2025-12-15 17:01:17,025] INFO django.server:213 "GET /api/client/info/ HTTP/1.1" 200 71
[2025-12-15 17:01:17,026] INFO django.server:213 "GET /media/post_videos/post_66_015baf3b.mp4 HTTP/1.1" 304 0
[2025-12-15 17:01:17,250] INFO django.server:213 "GET /api/client/info/ HTTP/1.1" 200 71
[2025-12-15 17:01:17,432] INFO django.server:213 "GET /api/posts/66/ HTTP/1.1" 200 3473
[2025-12-15 17:01:17,887] INFO django.server:213 "GET /api/posts/66/ HTTP/1.1" 200 3473
[2025-12-15 17:02:49,684] INFO django.server:213 "GET /api/schedules/?post=66 HTTP/1.1" 200 2
[2025-12-15 17:02:50,093] INFO django.server:213 "GET /api/posts/66/ HTTP/1.1" 200 3473
[2025-12-15 17:02:52,394] INFO django.server:213 "POST /api/posts/66/generate_video/ HTTP/1.1" 200 113
[2025-12-15 17:02:59,149] INFO django.server:213 "GET /api/posts/66/ HTTP/1.1" 200 3473
[2025-12-15 17:10:31,804] INFO django.server:213 "GET /media/post_videos/post_66_015baf3b.mp4 HTTP/1.1" 304 0
[2025-12-15 17:11:42,561] INFO django.server:213 "GET /django-admin/core/client/ HTTP/1.1" 200 21520
[2025-12-15 17:11:42,791] INFO django.server:213 "GET /django-admin/jsi18n/ HTTP/1.1" 200 3342
[2025-12-15 17:11:49,308] INFO django.server:213 "GET /django-admin/core/client/3/change/ HTTP/1.1" 200 64345
[2025-12-15 17:11:49,529] INFO django.server:213 "GET /django-admin/jsi18n/ HTTP/1.1" 200 3342
[2025-12-15 17:12:41,116] INFO django.server:213 "POST /django-admin/core/client/3/change/ HTTP/1.1" 302 0
[2025-12-15 17:12:41,861] INFO django.server:213 "GET /django-admin/core/client/3/change/ HTTP/1.1" 200 64616
[2025-12-15 17:12:42,072] INFO django.server:213 "GET /django-admin/jsi18n/ HTTP/1.1" 200 3342
[2025-12-15 17:16:02,789] INFO django.server:213 "GET /api/client/info/ HTTP/1.1" 200 71
[2025-12-15 17:16:02,789] INFO django.server:213 "GET /api/schedules/?post=66 HTTP/1.1" 200 2
[2025-12-15 17:16:03,019] INFO django.server:213 "GET /api/client/info/ HTTP/1.1" 200 71
[2025-12-15 17:16:03,033] INFO django.server:213 "GET /api/posts/66/ HTTP/1.1" 200 3756
[2025-12-15 17:16:03,207] INFO django.server:213 "GET /api/schedules/?post=66 HTTP/1.1" 200 2
[2025-12-15 17:16:03,213] INFO django.server:213 "GET /media/post_images/post_66_a879082c.jpg HTTP/1.1" 304 0
[2025-12-15 17:16:03,221] INFO django.server:213 "GET /media/post_videos/post_66_015baf3b.mp4 HTTP/1.1" 304 0
[2025-12-15 17:16:03,227] INFO django.server:213 "GET /api/client/info/ HTTP/1.1" 200 71
[2025-12-15 17:16:03,245] INFO django.server:213 "GET /media/post_videos/post_66_a0530cc9.mp4 HTTP/1.1" 200 2613071
[2025-12-15 17:16:03,686] INFO django.server:213 "GET /api/client/info/ HTTP/1.1" 200 71
[2025-12-15 17:16:03,750] INFO django.server:213 "GET /api/posts/66/ HTTP/1.1" 200 3756
[2025-12-15 17:16:03,916] INFO django.server:213 "GET /api/client/info/ HTTP/1.1" 200 71
[2025-12-15 17:16:04,198] INFO django.server:213 "GET /api/posts/66/ HTTP/1.1" 200 3756
[2025-12-15 17:16:19,786] INFO django.server:213 "OPTIONS /api/posts/66/delete_video/?video_id=81 HTTP/1.1" 200 0
[2025-12-15 17:16:20,615] INFO django.server:213 "DELETE /api/posts/66/delete_video/?video_id=81 HTTP/1.1" 200 55
[2025-12-15 17:16:21,038] INFO django.server:213 "GET /api/posts/66/ HTTP/1.1" 200 3473
[2025-12-15 17:16:23,601] INFO django.server:213 "POST /api/posts/66/generate_video/ HTTP/1.1" 200 113
[2025-12-15 17:16:30,379] INFO django.server:213 "GET /api/posts/66/ HTTP/1.1" 200 3473
[2025-12-15 17:21:13,279] INFO django.server:213 "GET /api/client/info/ HTTP/1.1" 200 71
[2025-12-15 17:21:13,304] INFO django.server:213 "GET /api/schedules/?post=66 HTTP/1.1" 200 2
[2025-12-15 17:21:13,486] INFO django.server:213 "GET /api/client/info/ HTTP/1.1" 200 71
[2025-12-15 17:21:13,512] INFO django.server:213 "GET /api/schedules/?post=66 HTTP/1.1" 200 2
[2025-12-15 17:21:13,526] INFO django.server:213 "GET /api/posts/66/ HTTP/1.1" 200 3756
[2025-12-15 17:21:13,573] INFO django.server:213 "GET /media/post_videos/post_66_015baf3b.mp4 HTTP/1.1" 304 0
[2025-12-15 17:21:13,598] INFO django.server:213 "GET /media/post_videos/post_66_599c6cf7.mp4 HTTP/1.1" 200 2438222
[2025-12-15 17:21:13,729] INFO django.server:213 "GET /api/client/info/ HTTP/1.1" 200 71
[2025-12-15 17:21:14,131] INFO django.server:213 "GET /api/client/info/ HTTP/1.1" 200 71
[2025-12-15 17:21:14,183] INFO django.server:213 "GET /api/posts/66/ HTTP/1.1" 200 3756
[2025-12-15 17:21:14,331] INFO django.server:213 "GET /api/client/info/ HTTP/1.1" 200 71
[2025-12-15 17:21:14,606] INFO django.server:213 "GET /api/posts/66/ HTTP/1.1" 200 3756
[2025-12-15 20:02:10,332] INFO django.server:213 "OPTIONS /api/posts/66/generate_video/ HTTP/1.1" 200 0
[2025-12-15 20:02:10,366] WARNING django.server:213 "POST /api/posts/66/generate_video/ HTTP/1.1" 401 58
[2025-12-15 20:02:10,375] INFO django.server:213 "OPTIONS /api/auth/refresh/ HTTP/1.1" 200 0
[2025-12-15 20:02:10,978] INFO django.server:213 "POST /api/auth/refresh/ HTTP/1.1" 200 244
[2025-12-15 20:02:11,382] INFO django.server:213 "POST /api/posts/66/generate_video/ HTTP/1.1" 200 113
[2025-12-15 20:02:18,188] INFO django.server:213 "GET /api/posts/66/ HTTP/1.1" 200 3756
[2025-12-15 20:03:15,855] INFO django.server:213 "OPTIONS /api/posts/66/delete_video/?video_id=82 HTTP/1.1" 200 0
[2025-12-15 20:03:16,684] INFO django.server:213 "DELETE /api/posts/66/delete_video/?video_id=82 HTTP/1.1" 200 55
[2025-12-15 20:03:17,136] INFO django.server:213 "GET /api/posts/66/ HTTP/1.1" 200 3473
[2025-12-15 20:08:33,455] INFO django.server:213 "GET /api/client/info/ HTTP/1.1" 200 71
[2025-12-15 20:08:33,457] INFO django.server:213 "GET /api/schedules/?post=66 HTTP/1.1" 200 2
[2025-12-15 20:08:33,661] INFO django.server:213 "GET /api/posts/66/ HTTP/1.1" 200 3756
[2025-12-15 20:08:33,673] INFO django.server:213 "GET /api/client/info/ HTTP/1.1" 200 71
[2025-12-15 20:08:33,674] INFO django.server:213 "GET /api/schedules/?post=66 HTTP/1.1" 200 2
[2025-12-15 20:08:33,708] INFO django.server:213 "GET /media/post_images/post_66_a879082c.jpg HTTP/1.1" 304 0
[2025-12-15 20:08:33,719] INFO django.server:213 "GET /media/post_videos/post_66_015baf3b.mp4 HTTP/1.1" 304 0
[2025-12-15 20:08:33,756] INFO django.server:213 "GET /media/post_videos/post_66_6521e478.mp4 HTTP/1.1" 200 3001272
[2025-12-15 20:08:33,915] INFO django.server:213 "GET /api/client/info/ HTTP/1.1" 200 71
[2025-12-15 20:08:34,398] INFO django.server:213 "GET /api/posts/66/ HTTP/1.1" 200 3756
[2025-12-15 20:08:34,777] INFO django.server:213 "GET /api/client/info/ HTTP/1.1" 200 71
[2025-12-15 20:08:34,807] INFO django.server:213 "GET /api/posts/66/ HTTP/1.1" 200 3756
[2025-12-15 20:08:35,025] INFO django.server:213 "GET /api/client/info/ HTTP/1.1" 200 71
[2025-12-15 20:12:54,923] WARNING django.server:213 "GET /api/posts/66/ HTTP/1.1" 403 63
[2025-12-15 20:12:55,346] WARNING django.server:213 "GET /api/posts/66/ HTTP/1.1" 403 63
[2025-12-15 20:12:55,597] ERROR django.server:213 "GET /api/client/info/ HTTP/1.1" 500 177052
[2025-12-15 20:12:55,636] ERROR django.server:213 "GET /api/schedules/?post=66 HTTP/1.1" 500 184960
[2025-12-15 20:12:55,637] WARNING django.server:213 "GET /api/posts/66/ HTTP/1.1" 403 63
[2025-12-15 20:12:56,223] ERROR django.server:213 "GET /api/schedules/?post=66 HTTP/1.1" 500 184960
[2025-12-15 20:12:56,410] WARNING django.server:213 "GET /api/posts/66/ HTTP/1.1" 403 63
[2025-12-15 20:12:56,890] ERROR django.server:213 "GET /api/client/info/ HTTP/1.1" 500 177052
[2025-12-15 20:12:57,457] ERROR django.server:213 "GET /api/schedules/?post=66 HTTP/1.1" 500 184960
[2025-12-15 20:12:59,124] ERROR django.server:213 "GET /api/client/info/ HTTP/1.1" 500 177052
[2025-12-15 20:13:06,044] WARNING django.server:213 "GET /api/posts/66/ HTTP/1.1" 403 63
[2025-12-15 20:13:06,487] ERROR django.server:213 "GET /api/schedules/?post=66 HTTP/1.1" 500 184960
[2025-12-15 20:13:11,650] WARNING django.server:213 "GET /api/posts/66/ HTTP/1.1" 403 63
[2025-12-15 20:13:11,915] ERROR django.server:213 "GET /api/schedules/?post=66 HTTP/1.1" 500 184960
[2025-12-15 20:13:12,861] WARNING django.server:213 "GET /api/posts/66/ HTTP/1.1" 403 63
[2025-12-15 20:13:13,608] ERROR django.server:213 "GET /api/schedules/?post=66 HTTP/1.1" 500 184960
[2025-12-15 20:13:22,440] WARNING django.server:213 "GET /api/posts/66/ HTTP/1.1" 403 63
[2025-12-15 20:13:22,757] ERROR django.server:213 "GET /api/schedules/?post=66 HTTP/1.1" 500 184960
[2025-12-15 20:19:47,707] INFO django.server:213 "GET /api/client/info/ HTTP/1.1" 200 135
[2025-12-15 20:19:47,712] INFO django.server:213 "GET /api/schedules/?post=66 HTTP/1.1" 200 2
[2025-12-15 20:19:47,965] INFO django.server:213 "GET /api/client/info/ HTTP/1.1" 200 135
[2025-12-15 20:19:47,973] INFO django.server:213 "GET /api/schedules/?post=66 HTTP/1.1" 200 2
[2025-12-15 20:19:47,976] INFO django.server:213 "GET /api/posts/66/ HTTP/1.1" 200 3756
[2025-12-15 20:19:48,066] INFO django.server:213 "GET /media/post_videos/post_66_6521e478.mp4 HTTP/1.1" 304 0
[2025-12-15 20:19:48,171] INFO django.server:213 "GET /api/client/info/ HTTP/1.1" 200 135
[2025-12-15 20:19:48,381] INFO django.server:213 "GET /api/posts/66/ HTTP/1.1" 200 3756
[2025-12-15 20:19:48,896] INFO django.server:213 "GET /api/posts/66/ HTTP/1.1" 200 3756
[2025-12-15 20:19:59,120] INFO django.server:213 "OPTIONS /api/posts/66/delete_video/?video_id=83 HTTP/1.1" 200 0
[2025-12-15 20:20:00,213] INFO django.server:213 "DELETE /api/posts/66/delete_video/?video_id=83 HTTP/1.1" 200 55
[2025-12-15 20:20:00,770] INFO django.server:213 "GET /api/posts/66/ HTTP/1.1" 200 3473
[2025-12-15 20:20:09,829] INFO django.server:213 "POST /api/posts/66/generate_video/ HTTP/1.1" 200 113
[2025-12-15 20:20:16,732] INFO django.server:213 "GET /api/posts/66/ HTTP/1.1" 200 3473
[2025-12-15 20:21:57,042] INFO django.server:213 "POST /api/posts/66/generate_image/ HTTP/1.1" 200 118
[2025-12-15 20:22:02,936] INFO django.server:213 "GET /api/posts/66/ HTTP/1.1" 200 3473
[2025-12-15 20:22:07,663] INFO django.server:213 "GET /api/posts/66/ HTTP/1.1" 200 3473
[2025-12-15 20:22:13,269] INFO django.server:213 "GET /api/posts/66/ HTTP/1.1" 200 3473
[2025-12-15 20:22:17,594] INFO django.server:213 "GET /api/posts/66/ HTTP/1.1" 200 3473
[2025-12-15 20:22:22,532] INFO django.server:213 "GET /api/posts/66/ HTTP/1.1" 200 3473
[2025-12-15 20:22:27,593] INFO django.server:213 "GET /api/posts/66/ HTTP/1.1" 200 3473
[2025-12-15 20:22:32,558] INFO django.server:213 "GET /api/posts/66/ HTTP/1.1" 200 3473
[2025-12-15 20:22:37,578] INFO django.server:213 "GET /api/posts/66/ HTTP/1.1" 200 3473
[2025-12-15 20:22:42,525] INFO django.server:213 "GET /api/posts/66/ HTTP/1.1" 200 3473
[2025-12-15 20:22:47,643] INFO django.server:213 "GET /api/posts/66/ HTTP/1.1" 200 3473
[2025-12-15 20:22:52,524] INFO django.server:213 "GET /api/posts/66/ HTTP/1.1" 200 3473
[2025-12-15 20:22:57,529] INFO django.server:213 "GET /api/posts/66/ HTTP/1.1" 200 3473
[2025-12-15 20:23:02,508] INFO django.server:213 "GET /api/posts/66/ HTTP/1.1" 200 3473
[2025-12-15 20:23:07,568] INFO django.server:213 "GET /api/posts/66/ HTTP/1.1" 200 3473
[2025-12-15 20:23:12,822] INFO django.server:213 "GET /api/posts/66/ HTTP/1.1" 200 3473
[2025-12-15 20:23:17,692] INFO django.server:213 "GET /api/posts/66/ HTTP/1.1" 200 3473
[2025-12-15 20:23:22,522] INFO django.server:213 "GET /api/posts/66/ HTTP/1.1" 200 3691
[2025-12-15 20:23:22,565] INFO django.server:213 "GET /media/post_images/post_66_a747b727.jpg HTTP/1.1" 200 183797
[2025-12-15 20:26:11,226] INFO django.server:213 "GET /api/client/info/ HTTP/1.1" 200 185
[2025-12-15 20:26:11,227] INFO django.server:213 "GET /api/schedules/?post=66 HTTP/1.1" 200 2
[2025-12-15 20:26:11,661] INFO django.server:213 "GET /api/posts/66/ HTTP/1.1" 200 3691
[2025-12-15 20:26:14,182] INFO django.server:213 "GET /api/schedules/?post=66 HTTP/1.1" 200 2
[2025-12-15 20:26:14,437] INFO django.server:213 "GET /api/posts/66/ HTTP/1.1" 200 3691
[2025-12-15 20:27:45,564] INFO django.server:213 "GET /api/schedules/?post=66 HTTP/1.1" 200 2
[2025-12-15 20:27:45,573] INFO django.server:213 "GET /api/client/info/ HTTP/1.1" 200 185
[2025-12-15 20:27:45,766] INFO django.server:213 "GET /api/posts/66/ HTTP/1.1" 200 3691
[2025-12-15 20:27:45,780] INFO django.server:213 "GET /api/schedules/?post=66 HTTP/1.1" 200 2
[2025-12-15 20:27:45,784] INFO django.server:213 "GET /api/client/info/ HTTP/1.1" 200 185
[2025-12-15 20:27:45,803] INFO django.server:213 "GET /media/post_images/post_66_a747b727.jpg HTTP/1.1" 304 0
[2025-12-15 20:27:46,005] INFO django.server:213 "GET /api/client/info/ HTTP/1.1" 200 185
[2025-12-15 20:27:46,165] INFO django.server:213 "GET /api/posts/66/ HTTP/1.1" 200 3691
[2025-12-15 20:27:46,613] INFO django.server:213 "GET /api/posts/66/ HTTP/1.1" 200 3691
[2025-12-15 20:28:47,080] INFO django.server:213 "GET /api/schedules/?post=66 HTTP/1.1" 200 2
[2025-12-15 20:28:47,293] INFO django.server:213 "GET /api/posts/66/ HTTP/1.1" 200 3691
[2025-12-15 20:30:50,802] INFO django.server:213 "GET /api/schedules/?post=66 HTTP/1.1" 200 2
[2025-12-15 20:30:51,235] INFO django.server:213 "GET /api/posts/66/ HTTP/1.1" 200 3691
[2025-12-15 20:31:18,645] INFO django.server:213 "GET /api/schedules/?post=66 HTTP/1.1" 200 2
[2025-12-15 20:31:18,647] INFO django.server:213 "GET /api/client/info/ HTTP/1.1" 200 185
[2025-12-15 20:31:18,842] INFO django.server:213 "GET /api/schedules/?post=66 HTTP/1.1" 200 2
[2025-12-15 20:31:18,844] INFO django.server:213 "GET /api/client/info/ HTTP/1.1" 200 185
[2025-12-15 20:31:18,858] INFO django.server:213 "GET /api/posts/66/ HTTP/1.1" 200 3691
[2025-12-15 20:31:18,893] INFO django.server:213 "GET /media/post_images/post_66_a747b727.jpg HTTP/1.1" 304 0
[2025-12-15 20:31:18,902] INFO django.server:213 "GET /media/post_videos/post_66_015baf3b.mp4 HTTP/1.1" 304 0
[2025-12-15 20:31:19,052] INFO django.server:213 "GET /api/client/info/ HTTP/1.1" 200 185
[2025-12-15 20:31:19,347] INFO django.server:213 "GET /api/posts/66/ HTTP/1.1" 200 3691
[2025-12-15 20:31:19,774] INFO django.server:213 "GET /api/posts/66/ HTTP/1.1" 200 3691
[2025-12-15 20:31:58,371] INFO django.server:213 "GET /django-admin/core/post/ HTTP/1.1" 200 80927
[2025-12-15 20:31:58,519] INFO django.server:213 "GET /media/post_images/post_72_8ba3e1bc.jpg HTTP/1.1" 304 0
[2025-12-15 20:31:58,658] INFO django.server:213 "GET /django-admin/jsi18n/ HTTP/1.1" 200 3342
[2025-12-15 20:31:58,764] INFO django.server:213 "GET /media/post_images/post_71_43ab8516.jpg HTTP/1.1" 304 0
[2025-12-15 20:31:58,780] INFO django.server:213 "GET /media/post_images/post_62_c6309291.jpg HTTP/1.1" 304 0
[2025-12-15 20:32:13,590] INFO django.server:213 "GET /django-admin/core/post/70/change/ HTTP/1.1" 200 62708
[2025-12-15 20:32:13,834] INFO django.server:213 "GET /django-admin/jsi18n/ HTTP/1.1" 200 3342
[2025-12-15 20:34:00,092] INFO django.server:213 "POST /core/admin/post/70/generate-video/?method=veo&source=text HTTP/1.1" 200 333
[2025-12-15 20:34:06,177] INFO django.server:213 "GET /django-admin/core/post/70/change/ HTTP/1.1" 200 62708
[2025-12-15 20:34:06,372] INFO django.server:213 "GET /django-admin/jsi18n/ HTTP/1.1" 200 3342
[2025-12-15 20:47:44,601] INFO django.server:213 "GET /django-admin/autocomplete/?app_label=core&model_name=post&field_name=client HTTP/1.1" 200 356
[2025-12-15 20:48:02,518] INFO django.server:213 "GET /django-admin/core/post/ HTTP/1.1" 200 81011
[2025-12-15 20:48:02,736] INFO django.server:213 "GET /django-admin/jsi18n/ HTTP/1.1" 200 3342
[2025-12-15 20:48:02,779] INFO django.server:213 "GET /media/post_images/post_66_a879082c.jpg HTTP/1.1" 304 0
[2025-12-15 20:48:14,445] INFO django.server:213 "GET /django-admin/core/post/?client__id__exact=3 HTTP/1.1" 200 74260
[2025-12-15 20:48:14,644] INFO django.server:213 "GET /django-admin/jsi18n/ HTTP/1.1" 200 3342
[2025-12-15 20:48:25,499] INFO django.server:213 "GET /django-admin/core/post/59/change/?_changelist_filters=client__id__exact%3D3 HTTP/1.1" 200 62942
[2025-12-15 20:48:25,721] INFO django.server:213 "GET /django-admin/jsi18n/ HTTP/1.1" 200 3342
[2025-12-15 20:48:33,117] INFO django.server:213 "POST /core/admin/post/59/generate-video/?method=veo&source=text HTTP/1.1" 200 333
[2025-12-15 20:48:39,316] INFO django.server:213 "GET /django-admin/core/post/59/change/?_changelist_filters=client__id__exact%3D3 HTTP/1.1" 200 62942
[2025-12-15 20:48:39,515] INFO django.server:213 "GET /django-admin/jsi18n/ HTTP/1.1" 200 3342
[2025-12-15 20:50:22,876] INFO django.server:213 "GET /django-admin/core/client/ HTTP/1.1" 200 21520
[2025-12-15 20:50:23,414] INFO django.server:213 "GET /django-admin/jsi18n/ HTTP/1.1" 200 3342
[2025-12-15 20:50:28,379] INFO django.server:213 "GET /django-admin/core/client/3/change/ HTTP/1.1" 200 64379
[2025-12-15 20:50:28,572] INFO django.server:213 "GET /django-admin/jsi18n/ HTTP/1.1" 200 3342
[2025-12-15 20:53:31,835] INFO django.server:213 "GET /django-admin/core/client/ HTTP/1.1" 200 21520
[2025-12-15 20:53:32,080] INFO django.server:213 "GET /django-admin/jsi18n/ HTTP/1.1" 200 3342
[2025-12-15 20:53:36,247] INFO django.server:213 "GET /django-admin/core/client/5/change/ HTTP/1.1" 200 69775
[2025-12-15 20:53:36,427] INFO django.server:213 "GET /django-admin/jsi18n/ HTTP/1.1" 200 3342
[2025-12-15 20:54:46,368] INFO django.server:213 "GET /django-admin/core/client/ HTTP/1.1" 200 21520
[2025-12-15 20:54:46,574] INFO django.server:213 "GET /django-admin/jsi18n/ HTTP/1.1" 200 3342
[2025-12-15 20:54:53,694] INFO django.server:213 "GET /django-admin/core/client/3/change/ HTTP/1.1" 200 64379
[2025-12-15 20:54:53,872] INFO django.server:213 "GET /django-admin/jsi18n/ HTTP/1.1" 200 3342
[2025-12-15 20:56:18,777] INFO django.server:213 "POST /django-admin/core/client/3/change/ HTTP/1.1" 302 0
[2025-12-15 20:56:19,430] INFO django.server:213 "GET /django-admin/core/client/3/change/ HTTP/1.1" 200 64659
[2025-12-15 20:56:19,654] INFO django.server:213 "GET /django-admin/jsi18n/ HTTP/1.1" 200 3342
[2025-12-15 20:56:24,637] INFO django.server:213 "POST /core/admin/post/59/generate-video/?method=veo&source=text HTTP/1.1" 200 333
[2025-12-15 20:56:30,528] INFO django.server:213 "GET /django-admin/core/post/59/change/?_changelist_filters=client__id__exact%3D3 HTTP/1.1" 200 62942
[2025-12-15 20:56:30,949] INFO django.server:213 "GET /django-admin/jsi18n/ HTTP/1.1" 200 3342
[2025-12-15 20:59:19,436] INFO django.server:213 "GET /django-admin/core/post/59/change/?_changelist_filters=client__id__exact%3D3 HTTP/1.1" 200 65047
[2025-12-15 20:59:19,636] INFO django.server:213 "GET /django-admin/jsi18n/ HTTP/1.1" 200 3342
[2025-12-15 21:01:57,014] INFO django.server:213 "POST /core/admin/post/59/generate-video/?method=veo&source=text HTTP/1.1" 200 333
[2025-12-15 21:02:03,471] INFO django.server:213 "GET /django-admin/core/post/59/change/?_changelist_filters=client__id__exact%3D3 HTTP/1.1" 200 65047
[2025-12-15 21:02:03,698] INFO django.server:213 "GET /django-admin/jsi18n/ HTTP/1.1" 200 3342
[2025-12-15 21:04:00,379] INFO django.server:213 "POST /core/admin/post/59/generate-video/?method=veo&source=text HTTP/1.1" 200 333
[2025-12-15 21:04:06,675] INFO django.server:213 "GET /django-admin/core/post/59/change/?_changelist_filters=client__id__exact%3D3 HTTP/1.1" 200 65047
[2025-12-15 21:04:06,871] INFO django.server:213 "GET /django-admin/jsi18n/ HTTP/1.1" 200 3342
[2025-12-15 21:06:45,276] INFO django.server:213 "POST /django-admin/core/client/3/change/ HTTP/1.1" 302 0
[2025-12-15 21:06:45,953] INFO django.server:213 "GET /django-admin/core/client/3/change/ HTTP/1.1" 200 64682
[2025-12-15 21:06:46,158] INFO django.server:213 "GET /django-admin/jsi18n/ HTTP/1.1" 200 3342
[2025-12-15 21:16:28,981] INFO django.server:213 "GET /django-admin/core/post/59/change/?_changelist_filters=client__id__exact%3D3 HTTP/1.1" 200 67152
[2025-12-15 21:16:29,194] INFO django.server:213 "GET /django-admin/jsi18n/ HTTP/1.1" 200 3342
[2025-12-15 21:29:29,667] INFO django.server:213 "POST /core/admin/post/59/generate-video/?method=veo&source=text HTTP/1.1" 200 333
[2025-12-15 21:29:39,091] INFO django.server:213 "GET /django-admin/core/post/59/change/?_changelist_filters=client__id__exact%3D3 HTTP/1.1" 200 67152
[2025-12-15 21:29:39,311] INFO django.server:213 "GET /django-admin/jsi18n/ HTTP/1.1" 200 3342
[2025-12-15 21:36:11,499] INFO django.server:213 "GET /django-admin/core/post/?client__id__exact=3 HTTP/1.1" 200 74348
[2025-12-15 21:36:38,070] INFO django.server:213 "GET /django-admin/core/post/?client__id__exact=3 HTTP/1.1" 200 74348
[2025-12-15 21:36:38,071] INFO django.server:81 - Broken pipe from ('127.0.0.1', 61912)
[2025-12-15 21:36:40,438] INFO django.server:213 "GET /django-admin/core/post/47/change/?_changelist_filters=client__id__exact%3D3 HTTP/1.1" 200 63568
[2025-12-15 21:36:40,666] INFO django.server:213 "GET /django-admin/jsi18n/ HTTP/1.1" 200 3342
[2025-12-15 21:36:58,018] INFO django.server:213 "POST /core/admin/post/47/generate-video/?method=veo&source=text HTTP/1.1" 200 333
[2025-12-15 21:37:06,722] INFO django.server:213 "GET /django-admin/core/post/47/change/?_changelist_filters=client__id__exact%3D3 HTTP/1.1" 200 63568
[2025-12-15 21:37:07,200] INFO django.server:213 "GET /django-admin/jsi18n/ HTTP/1.1" 200 3342
[2025-12-15 21:47:43,759] INFO django.server:213 "POST /core/admin/post/47/quick-publish/ HTTP/1.1" 200 430
[2025-12-15 21:47:55,178] INFO django.server:213 "GET /django-admin/core/post/47/change/?_changelist_filters=client__id__exact%3D3 HTTP/1.1" 200 72826
[2025-12-15 21:47:55,478] INFO django.server:213 "GET /django-admin/jsi18n/ HTTP/1.1" 200 3342
[2025-12-15 21:50:43,415] INFO django.server:213 "POST /core/admin/post/47/quick-publish/ HTTP/1.1" 200 430
[2025-12-15 21:50:54,955] INFO django.server:213 "GET /django-admin/core/post/47/change/?_changelist_filters=client__id__exact%3D3 HTTP/1.1" 200 79432
[2025-12-15 21:50:55,196] INFO django.server:213 "GET /django-admin/jsi18n/ HTTP/1.1" 200 3342
[2025-12-15 21:52:53,545] INFO django.server:213 "GET /django-admin/core/post/47/change/?_changelist_filters=client__id__exact%3D3 HTTP/1.1" 200 79432
[2025-12-15 21:52:53,807] INFO django.server:213 "GET /django-admin/jsi18n/ HTTP/1.1" 200 3342
[2025-12-15 21:55:49,890] INFO django.server:213 "POST /core/admin/post/47/quick-publish/ HTTP/1.1" 200 430
[2025-12-15 21:56:05,550] INFO django.server:213 "GET /django-admin/core/post/47/change/?_changelist_filters=client__id__exact%3D3 HTTP/1.1" 200 85995
[2025-12-15 21:56:05,785] INFO django.server:213 "GET /django-admin/jsi18n/ HTTP/1.1" 200 3342
